Age,Citology,First sexual intercourse,Hinselmann,Hormonal Contraceptives,Hormonal Contraceptives (years),IUD,IUD (years),Num of pregnancies,Number of sexual partners,STDs (number),STDs:HIV,Schiller,Smokes,Smokes (packs/year),Smokes (years),Biopsy
24,0,17.0,0,0.0,0.0,0.0,0.0,2.0,3.0,0.0,0.0,0,0.0,0.0,0.0,0
17,0,12.0,0,0.0,0.0,0.0,0.0,2.0,2.0,0.0,0.0,0,0.0,0.0,0.0,0
24,0,16.0,0,1.0,3.0,0.0,0.0,3.0,1.0,0.0,0.0,0,0.0,0.0,0.0,0
28,0,15.0,0,0.0,0.0,0.0,0.0,5.0,3.0,0.0,0.0,0,1.0,12.0,12.0,0
21,0,17.0,1,1.0,3.0,0.0,0.0,2.0,1.0,0.0,0.0,1,0.0,0.0,0.0,1
28,0,19.0,1,1.0,0.42,1.0,3.0,2.0,2.0,2.0,0.0,1,0.0,0.0,0.0,1
37,0,20.0,0,0.0,0.0,0.0,0.0,5.0,3.0,0.0,0.0,0,0.0,0.0,0.0,0
19,0,14.0,0,0.0,0.0,0.0,0.0,1.0,4.0,0.0,0.0,0,0.0,0.0,0.0,0
16,0,15.0,0,0.0,0.0,0.0,0.0,1.0,1.0,0.0,0.0,0,0.0,0.0,0.0,0
17,0,15.0,0,1.0,0.16,0.0,0.0,2.0,1.0,2.0,0.0,0,0.0,0.0,0.0,0
31,0,18.0,0,1.0,3.0,0.0,0.0,4.0,2.0,0.0,0.0,0,0.0,0.0,0.0,0
29,0,17.0,0,1.0,4.5,0.0,0.0,2.0,3.0,0.0,0.0,0,0.0,0.0,0.0,0
20,0,19.0,0,0.0,0.0,0.0,0.0,1.0,1.0,0.0,0.0,0,0.0,0.0,0.0,0
33,0,16.0,0,0.0,0.0,0.0,0.0,4.0,1.0,0.0,0.0,0,0.0,0.0,0.0,0
19,0,15.0,0,0.0,0.0,0.0,0.0,1.0,3.0,0.0,0.0,0,0.0,0.0,0.0,0
25,0,16.0,0,0.0,0.0,0.0,0.0,3.0,2.0,0.0,0.0,0,0.0,0.0,0.0,0
41,0,16.0,0,1.0,15.0,0.0,0.0,5.0,4.0,0.0,0.0,0,0.0,0.0,0.0,0
47,1,17.0,0,1.0,20.0,0.0,0.0,3.0,2.0,0.0,0.0,1,0.0,0.0,0.0,1
29,0,17.0,0,1.0,0.25,0.0,0.0,2.0,2.0,0.0,0.0,0,1.0,0.37,13.0,0
33,0,17.0,0,1.0,0.16,1.0,5.0,3.0,1.0,0.0,0.0,0,0.0,0.0,0.0,0
42,0,17.0,0,0.0,0.0,0.0,0.0,1.0,3.0,0.0,0.0,0,0.0,0.0,0.0,0
20,0,17.0,0,1.0,0.16,0.0,0.0,1.0,4.0,0.0,0.0,0,0.0,0.0,0.0,0
22,0,17.0,0,0.0,0.0,0.0,0.0,1.0,2.0,0.0,0.0,0,0.0,0.0,0.0,0
31,0,19.0,0,0.0,0.0,0.0,0.0,2.0,2.0,0.0,0.0,0,0.0,0.0,0.0,0
21,0,16.0,0,1.0,0.5,0.0,0.0,1.0,2.0,0.0,0.0,0,0.0,0.0,0.0,0
23,0,15.0,0,1.0,0.08,1.0,4.0,2.0,4.0,0.0,0.0,0,1.0,6.0,6.0,0
38,0,22.0,0,1.0,3.0,1.0,6.0,2.0,3.0,0.0,0.0,1,0.0,0.0,0.0,0
31,0,18.0,0,1.0,0.5,0.0,0.0,1.0,3.0,0.0,0.0,0,0.0,0.0,0.0,0
25,0,18.0,0,0.0,0.0,0.0,0.0,1.0,1.0,0.0,0.0,0,0.0,0.0,0.0,0
16,0,10.0,0,0.0,0.0,0.0,0.0,1.0,28.0,0.0,0.0,0,1.0,5.0,5.0,0
37,0,26.0,0,0.0,0.0,0.0,0.0,1.0,4.0,0.0,0.0,0,0.0,0.0,0.0,0
48,0,16.0,0,1.0,7.0,0.0,0.0,7.0,2.0,0.0,0.0,0,1.0,8.0,32.0,0
24,0,19.0,0,0.0,0.0,0.0,0.0,1.0,2.0,0.0,0.0,0,0.0,0.0,0.0,0
22,0,16.0,0,1.0,1.0,0.0,0.0,3.0,3.0,0.0,0.0,0,0.0,0.0,0.0,0
32,0,18.0,0,1.0,6.0,0.0,0.0,1.0,3.0,1.0,0.0,0,1.0,0.16,11.0,0
29,0,20.0,0,1.0,3.0,0.0,0.0,1.0,5.0,2.0,0.0,0,0.0,0.0,0.0,0
27,0,16.0,0,0.0,0.0,0.0,0.0,2.0,1.0,0.0,0.0,0,0.0,0.0,0.0,0
21,0,18.0,0,1.0,0.25,0.0,0.0,1.0,1.0,0.0,0.0,0,0.0,0.0,0.0,0
19,0,15.0,0,1.0,0.75,0.0,0.0,2.0,2.0,0.0,0.0,0,0.0,0.0,0.0,0
16,0,15.0,0,0.0,0.0,0.0,0.0,1.0,2.0,0.0,0.0,0,0.0,0.0,0.0,0
52,0,19.0,0,0.0,0.0,1.0,11.0,5.0,2.0,0.0,0.0,1,0.0,0.0,0.0,1
20,0,15.0,0,1.0,0.42,0.0,0.0,2.0,1.0,0.0,0.0,0,0.0,0.0,0.0,0
21,0,20.0,0,0.0,0.0,0.0,0.0,1.0,1.0,0.0,0.0,0,0.0,0.0,0.0,0
18,0,16.0,0,0.0,0.0,0.0,0.0,1.0,2.0,0.0,0.0,0,0.0,0.0,0.0,0
18,0,14.0,0,0.0,0.0,0.0,0.0,2.0,5.0,0.0,0.0,0,1.0,0.5,1.266972909,0
26,0,16.0,0,0.0,0.0,0.0,0.0,3.0,4.0,0.0,0.0,0,0.0,0.0,0.0,0
17,0,14.0,0,0.0,0.0,0.0,0.0,1.0,3.0,0.0,0.0,0,0.0,0.0,0.0,0
22,0,15.0,0,1.0,6.0,0.0,0.0,3.0,2.0,0.0,0.0,0,0.0,0.0,0.0,0
17,0,16.0,0,1.0,0.25,0.0,0.0,1.0,3.0,1.0,0.0,0,0.0,0.0,0.0,0
31,0,19.0,0,0.0,0.0,1.0,7.0,1.0,3.0,0.0,0.0,0,0.0,0.0,0.0,0
27,0,18.0,0,0.0,0.0,1.0,2.0,2.0,2.0,0.0,0.0,0,0.0,0.0,0.0,0
25,0,18.0,0,0.0,0.0,0.0,0.0,1.0,3.0,0.0,0.0,0,0.0,0.0,0.0,0
28,0,16.0,0,1.0,0.25,0.0,0.0,5.0,3.0,0.0,0.0,0,1.0,22.0,22.0,0
27,0,16.0,0,1.0,0.67,0.0,0.0,1.0,4.0,0.0,0.0,0,0.0,0.0,0.0,0
79,0,16.0,0,0.0,0.0,0.0,0.0,5.0,2.0,0.0,0.0,0,0.0,0.0,0.0,0
22,0,20.0,0,1.0,1.0,0.0,0.0,1.0,1.0,0.0,0.0,0,0.0,0.0,0.0,0
38,0,22.0,0,0.0,0.0,0.0,0.0,2.0,2.0,0.0,0.0,0,0.0,0.0,0.0,0
24,1,17.0,0,0.0,0.0,0.0,0.0,1.0,1.0,0.0,0.0,0,0.0,0.0,0.0,0
34,0,17.0,0,1.0,9.0,1.0,6.0,3.0,2.0,0.0,0.0,1,0.0,0.0,0.0,1
36,0,13.0,0,0.0,0.0,0.0,0.0,6.0,1.0,0.0,0.0,0,0.0,0.0,0.0,0
41,0,21.0,0,1.0,0.25,0.0,0.0,3.0,4.0,0.0,0.0,0,0.0,0.0,0.0,0
21,0,16.0,0,1.0,1.0,0.0,0.0,2.0,3.0,0.0,0.0,0,0.0,0.0,0.0,0
18,0,16.0,0,1.0,0.08,0.0,0.0,1.0,2.0,0.0,0.0,0,0.0,0.0,0.0,0
36,0,17.0,0,0.0,0.0,0.0,0.0,3.0,3.0,0.0,0.0,0,0.0,0.0,0.0,0
18,0,15.0,0,1.0,0.42,0.0,0.0,2.0,1.0,0.0,0.0,0,0.0,0.0,0.0,0
21,0,17.0,0,0.0,0.0,0.0,0.0,1.0,5.0,0.0,0.0,0,0.0,0.0,0.0,0
28,0,18.0,0,0.0,0.0,0.0,0.0,4.0,4.0,0.0,0.0,1,0.0,0.0,0.0,1
20,0,16.0,0,0.0,0.0,0.0,0.0,1.0,2.0,0.0,0.0,0,0.0,0.0,0.0,0
33,0,17.0,0,0.0,0.0,0.0,0.0,6.0,3.0,0.0,0.0,0,0.0,0.0,0.0,0
19,0,15.0,0,1.0,0.5,0.0,0.0,2.0,2.0,0.0,0.0,0,0.0,0.0,0.0,0
30,0,18.0,0,1.0,1.0,0.0,0.0,0.0,2.0,0.0,0.0,0,0.0,0.0,0.0,0
29,0,29.0,0,0.0,0.0,0.0,0.0,1.0,1.0,0.0,0.0,0,0.0,0.0,0.0,0
25,0,18.0,0,1.0,5.0,0.0,0.0,3.0,2.0,0.0,0.0,0,0.0,0.0,0.0,0
35,0,12.0,0,1.0,20.0,0.0,0.0,6.0,6.0,0.0,0.0,0,0.0,0.0,0.0,0
21,0,14.0,0,0.0,0.0,0.0,0.0,1.0,4.0,0.0,0.0,0,0.0,0.0,0.0,0
28,0,26.0,0,1.0,2.0,0.0,0.0,2.0,1.0,0.0,0.0,0,0.0,0.0,0.0,0
16,1,14.0,0,0.0,0.0,0.0,0.0,1.0,3.0,0.0,0.0,0,0.0,0.0,0.0,0
15,0,14.0,0,0.0,0.0,0.0,0.0,2.0,2.0,0.0,0.0,0,0.0,0.0,0.0,0
18,0,16.0,0,0.0,0.0,0.0,0.0,1.0,3.0,0.0,0.0,0,0.0,0.0,0.0,0
23,0,15.0,0,1.0,1.0,1.0,1.0,2.0,2.0,2.0,0.0,0,0.0,0.0,0.0,0
21,0,15.0,0,0.0,0.0,0.0,0.0,2.0,4.0,0.0,0.0,0,0.0,0.0,0.0,0
31,0,12.0,0,0.0,0.0,0.0,0.0,3.0,3.0,0.0,0.0,0,1.0,12.0,16.0,0
26,0,26.0,0,1.0,2.0,1.0,7.0,3.0,1.0,0.0,0.0,0,0.0,0.0,0.0,0
49,0,15.0,0,1.0,2.0,0.0,0.0,6.0,2.0,1.0,0.0,0,0.0,0.0,0.0,0
15,1,14.0,0,1.0,0.08,0.0,0.0,1.0,4.0,0.0,0.0,0,1.0,0.1,1.0,0
30,0,18.0,0,0.0,0.0,0.0,0.0,2.0,1.0,0.0,0.0,0,0.0,0.0,0.0,0
33,0,18.0,0,1.0,1.0,0.0,0.0,5.0,3.0,0.0,0.0,0,0.0,0.0,0.0,0
21,0,17.0,0,1.0,3.0,0.0,0.0,2.0,1.0,0.0,0.0,0,0.0,0.0,0.0,1
30,0,19.0,0,1.0,5.0,1.0,5.0,2.0,3.0,1.0,1.0,0,0.0,0.0,0.0,0
25,0,15.0,0,1.0,3.0,0.0,0.0,4.0,5.0,0.0,0.0,0,0.0,0.0,0.0,0
59,0,13.0,0,0.0,0.0,1.0,0.41,2.0,2.0,0.0,0.0,0,0.0,0.0,0.0,0
27,0,20.0,0,1.0,1.0,0.0,0.0,2.0,3.0,0.0,0.0,0,0.0,0.0,0.0,0
21,0,15.0,0,1.0,0.5,0.0,0.0,3.0,1.0,0.0,0.0,0,0.0,0.0,0.0,0
29,0,20.0,0,1.0,0.5,0.0,0.0,1.0,2.0,0.0,0.0,0,0.0,0.0,0.0,0
38,1,18.0,0,1.0,10.0,1.0,2.0,4.0,3.0,0.0,0.0,1,0.0,0.0,0.0,1
15,0,15.0,0,0.0,0.0,0.0,0.0,2.0,3.0,0.0,0.0,0,0.0,0.0,0.0,0
36,0,19.0,0,0.0,0.0,1.0,7.0,2.0,4.0,0.0,0.0,0,1.0,21.0,21.0,0
31,0,16.0,0,1.0,1.0,0.0,0.0,5.0,7.0,0.0,0.0,0,0.0,0.0,0.0,0
19,0,15.0,1,1.0,0.58,0.0,0.0,3.0,2.0,0.0,0.0,1,0.0,0.0,0.0,1
35,0,20.0,0,1.0,2.0,0.0,0.0,2.0,2.0,0.0,0.0,0,0.0,0.0,0.0,0
25,1,17.0,1,1.0,0.08,0.0,0.0,2.0,3.0,0.0,0.0,1,0.0,0.0,0.0,1
29,0,19.0,0,0.0,0.0,0.0,0.0,2.0,2.0,0.0,0.0,0,0.0,0.0,0.0,0
26,0,17.0,0,1.0,0.25,0.0,0.0,3.0,3.0,1.0,0.0,0,0.0,0.0,0.0,0
18,1,15.0,0,1.0,1.0,0.0,0.0,3.0,2.0,0.0,0.0,0,1.0,3.5,7.0,0
34,0,17.0,0,0.0,0.0,0.0,0.0,0.0,1.0,0.0,0.0,0,0.0,0.0,0.0,0
36,0,18.0,0,1.0,8.0,0.0,0.0,2.0,2.0,0.0,0.0,0,1.0,7.6,19.0,0
32,0,16.0,0,1.0,2.0,0.0,0.0,2.0,3.0,0.0,0.0,0,0.0,0.0,0.0,0
38,0,15.0,0,1.0,16.0,0.0,0.0,4.0,2.0,0.0,0.0,1,0.0,0.0,0.0,1
30,0,17.0,0,1.0,12.0,0.0,0.0,4.0,3.0,0.0,0.0,0,0.0,0.0,0.0,0
39,0,17.0,0,1.0,1.0,0.0,0.0,4.0,2.0,0.0,0.0,0,0.0,0.0,0.0,0
26,0,17.0,0,1.0,3.0,0.0,0.0,2.0,2.0,2.0,0.0,1,1.0,1.35,9.0,0
24,0,15.0,0,1.0,4.0,0.0,0.0,3.0,3.0,0.0,0.0,0,1.0,2.0,8.0,0
35,0,27.0,0,1.0,1.0,0.0,0.0,2.0,2.0,0.0,0.0,0,0.0,0.0,0.0,0
30,0,23.0,0,1.0,0.08,0.0,0.0,1.0,1.0,0.0,0.0,0,0.0,0.0,0.0,0
20,0,17.0,0,0.0,0.0,0.0,0.0,1.0,5.0,0.0,0.0,0,1.0,0.5132021277,0.5,0
28,0,17.0,0,0.0,0.0,0.0,0.0,2.0,1.0,0.0,0.0,0,0.0,0.0,0.0,0
24,0,16.0,0,1.0,0.16,0.0,0.0,2.0,2.0,0.0,0.0,0,0.0,0.0,0.0,0
23,0,18.0,0,0.0,0.0,0.0,0.0,2.0,1.0,0.0,0.0,0,0.0,0.0,0.0,0
26,0,18.0,0,0.0,0.0,0.0,0.0,2.0,1.0,0.0,0.0,0,0.0,0.0,0.0,0
27,0,17.0,0,1.0,0.25,0.0,0.0,3.0,2.0,0.0,0.0,0,0.0,0.0,0.0,0
20,0,17.0,0,1.0,3.0,0.0,0.0,1.0,3.0,0.0,0.0,0,1.0,0.1,1.0,0
26,0,13.0,0,1.0,0.25,0.0,0.0,2.0,4.0,0.0,0.0,0,0.0,0.0,0.0,0
23,0,20.0,0,1.0,1.0,0.0,0.0,1.0,5.0,0.0,0.0,0,0.0,0.0,0.0,0
32,0,17.0,0,1.0,8.0,0.0,0.0,1.0,3.0,0.0,0.0,0,0.0,0.0,0.0,0
28,0,18.0,0,1.0,5.0,0.0,0.0,6.0,2.0,0.0,0.0,0,0.0,0.0,0.0,0
33,1,29.0,0,1.0,0.5,0.0,0.0,2.0,1.0,0.0,0.0,1,0.0,0.0,0.0,1
15,0,14.0,0,1.0,1.0,0.0,0.0,1.0,3.0,0.0,0.0,0,0.0,0.0,0.0,0
35,0,20.0,0,1.0,4.0,0.0,0.0,5.0,3.0,0.0,0.0,0,1.0,19.0,19.0,0
27,0,14.0,0,1.0,1.0,0.0,0.0,3.0,2.0,0.0,0.0,0,0.0,0.0,0.0,0
32,0,18.0,0,1.0,2.0,1.0,1.0,2.0,2.0,0.0,0.0,0,0.0,0.0,0.0,0
24,0,19.0,0,1.0,6.0,0.0,0.0,1.0,2.0,0.0,0.0,0,0.0,0.0,0.0,0
22,0,17.0,0,0.0,0.0,0.0,0.0,1.0,2.0,0.0,0.0,0,0.0,0.0,0.0,0
44,0,23.0,0,0.0,0.0,0.0,0.0,2.0,3.0,0.0,0.0,0,0.0,0.0,0.0,0
36,0,18.0,0,1.0,9.0,0.0,0.0,3.0,3.0,0.0,0.0,0,1.0,2.4,1.266972909,0
40,0,17.0,0,1.0,19.0,0.0,0.0,3.0,2.0,0.0,0.0,1,0.0,0.0,0.0,0
30,0,16.0,0,1.0,9.0,0.0,0.0,2.0,1.0,0.0,0.0,0,0.0,0.0,0.0,0
35,1,18.0,1,1.0,1.0,0.0,0.0,6.0,2.0,0.0,0.0,1,0.0,0.0,0.0,0
20,0,16.0,0,1.0,3.0,0.0,0.0,1.0,2.0,0.0,0.0,0,0.0,0.0,0.0,0
37,0,17.0,0,1.0,10.0,0.0,0.0,5.0,3.0,1.0,0.0,0,1.0,0.5132021277,1.266972909,0
21,0,15.0,0,0.0,0.0,0.0,0.0,1.0,2.0,0.0,0.0,0,0.0,0.0,0.0,0
33,0,21.0,0,1.0,2.0,0.0,0.0,1.0,3.0,0.0,0.0,0,0.0,0.0,0.0,0
19,0,15.0,0,1.0,0.25,0.0,0.0,1.0,3.0,0.0,0.0,0,0.0,0.0,0.0,0
31,1,19.0,0,1.0,9.0,0.0,0.0,2.0,2.0,0.0,0.0,0,0.0,0.0,0.0,0
23,0,16.0,0,1.0,7.0,0.0,0.0,3.0,4.0,0.0,0.0,0,1.0,0.1,1.0,0
23,0,16.0,0,1.0,0.25,0.0,0.0,1.0,5.0,0.0,0.0,0,0.0,0.0,0.0,0
22,0,15.0,0,0.0,0.0,0.0,0.0,2.0,2.0,0.0,0.0,0,0.0,0.0,0.0,0
17,0,15.0,0,1.0,0.25,0.0,0.0,1.0,4.0,0.0,0.0,0,0.0,0.0,0.0,0
40,0,21.0,0,1.0,19.0,1.0,8.0,2.0,2.0,0.0,0.0,0,0.0,0.0,0.0,0
33,0,21.0,0,0.0,0.0,0.0,0.0,0.0,2.0,0.0,0.0,0,0.0,0.0,0.0,0
26,0,18.0,0,1.0,1.0,0.0,0.0,2.0,3.0,0.0,0.0,0,0.0,0.0,0.0,0
20,0,18.0,0,0.0,0.0,0.0,0.0,1.0,2.0,2.0,1.0,0,1.0,7.0,13.0,0
24,0,14.0,0,0.0,0.0,0.0,0.0,0.0,1.0,0.0,0.0,0,0.0,0.0,0.0,0
36,0,18.0,0,1.0,2.0,0.0,0.0,4.0,3.0,0.0,0.0,0,0.0,0.0,0.0,0
21,0,19.0,0,1.0,1.0,0.0,0.0,1.0,2.0,0.0,0.0,0,0.0,0.0,0.0,0
37,0,16.0,0,1.0,4.0,1.0,0.33,5.0,3.0,0.0,0.0,0,0.0,0.0,0.0,0
19,0,14.0,0,0.0,0.0,0.0,0.0,2.0,4.0,0.0,0.0,0,0.0,0.0,0.0,0
32,0,21.0,0,1.0,8.0,0.0,0.0,2.0,3.0,0.0,0.0,0,0.0,0.0,0.0,0
37,0,17.0,0,1.0,0.25,0.0,0.0,0.0,3.0,0.0,0.0,0,0.0,0.0,0.0,0
34,0,15.0,0,1.0,0.5,0.0,0.0,5.0,2.0,0.0,0.0,0,0.0,0.0,0.0,0
39,0,17.0,0,0.0,0.0,0.0,0.0,4.0,2.0,0.0,0.0,0,0.0,0.0,0.0,0
19,0,16.0,0,0.0,0.0,0.0,0.0,1.0,1.0,0.0,0.0,0,0.0,0.0,0.0,0
35,0,17.0,0,1.0,7.0,1.0,0.08,4.0,3.0,2.0,0.0,0,0.0,0.0,0.0,0
27,0,15.0,0,0.0,0.0,0.0,0.0,3.0,2.0,0.0,0.0,0,0.0,0.0,0.0,0
30,0,15.0,0,0.0,0.0,0.0,0.0,3.0,1.0,0.0,0.0,0,0.0,0.0,0.0,0
28,0,16.0,0,1.0,6.0,0.0,0.0,2.0,4.0,0.0,0.0,0,1.0,2.75,11.0,0
22,0,16.0,0,0.0,0.0,0.0,0.0,2.0,2.0,0.0,0.0,0,0.0,0.0,0.0,0
36,0,16.0,0,1.0,11.0,0.0,0.0,3.0,1.0,0.0,0.0,0,0.0,0.0,0.0,0
30,0,16.0,0,1.0,13.0,0.0,0.0,2.0,4.0,0.0,0.0,0,0.0,0.0,0.0,0
18,0,15.0,0,1.0,1.0,0.0,0.0,2.0,2.0,0.0,0.0,0,0.0,0.0,0.0,0
17,0,13.0,0,0.0,0.0,0.0,0.0,1.0,3.0,0.0,0.0,0,1.0,1.0,2.0,0
25,0,18.0,0,1.0,7.0,0.0,0.0,2.0,2.0,0.0,0.0,0,0.0,0.0,0.0,0
43,0,15.0,0,1.0,3.0,0.0,0.0,8.0,3.0,0.0,0.0,0,0.0,0.0,0.0,0
21,0,18.0,0,1.0,2.0,0.0,0.0,1.0,1.0,0.0,0.0,0,0.0,0.0,0.0,0
35,0,19.0,0,1.0,0.5,0.0,0.0,3.0,2.0,0.0,0.0,0,0.0,0.0,0.0,0
44,0,25.0,0,1.0,5.0,0.0,0.0,2.0,2.0,0.0,0.0,0,0.0,0.0,0.0,0
27,1,19.0,0,1.0,3.0,0.0,0.0,2.0,5.0,0.0,0.0,0,0.0,0.0,0.0,0
32,0,18.0,0,1.0,0.08,0.0,0.0,3.0,3.0,0.0,0.0,0,0.0,0.0,0.0,0
37,0,15.0,0,1.0,12.0,1.0,0.16,4.0,2.0,0.0,0.0,0,0.0,0.0,0.0,0
20,0,16.0,0,0.0,0.0,0.0,0.0,1.0,3.0,0.0,0.0,0,0.0,0.0,0.0,0
27,0,16.0,0,0.0,0.0,0.0,0.0,4.0,4.0,1.0,0.0,0,0.0,0.0,0.0,0
29,0,14.0,0,0.0,0.0,0.0,0.0,2.0,2.0,0.0,0.0,0,0.0,0.0,0.0,0
30,0,15.0,0,1.0,6.0,0.0,0.0,3.0,5.0,0.0,0.0,0,0.0,0.0,0.0,0
23,0,19.0,0,0.0,0.0,0.0,0.0,2.0,1.0,0.0,0.0,0,0.0,0.0,0.0,0
26,0,18.0,0,1.0,0.66,0.0,0.0,1.0,3.0,0.0,0.0,0,0.0,0.0,0.0,0
27,0,17.0,0,1.0,2.0,0.0,0.0,4.0,2.0,0.0,0.0,0,0.0,0.0,0.0,0
27,0,26.0,0,0.0,0.0,0.0,0.0,1.0,1.0,0.0,0.0,0,0.0,0.0,0.0,0
19,0,14.0,0,0.0,0.0,0.0,0.0,2.0,2.0,0.0,0.0,0,0.0,0.0,0.0,0
33,0,17.0,0,0.0,0.0,0.0,0.0,3.0,3.0,0.0,0.0,0,0.0,0.0,0.0,0
23,0,17.0,0,0.0,0.0,0.0,0.0,2.0,2.0,0.0,0.0,0,0.0,0.0,0.0,0
23,0,18.0,0,0.0,0.0,0.0,0.0,1.0,3.0,0.0,0.0,0,0.0,0.0,0.0,0
30,0,15.0,0,1.0,0.5,1.0,9.0,3.0,4.0,0.0,0.0,0,0.0,0.0,0.0,0
25,0,18.0,0,1.0,0.25,0.0,0.0,2.0,2.0,0.0,0.0,0,0.0,0.0,0.0,0
51,0,17.0,1,0.0,0.0,1.0,7.0,6.0,3.0,0.0,0.0,1,1.0,3.4,34.0,1
14,0,16.0,0,1.0,0.08,0.0,0.0,2.0,5.0,0.0,0.0,0,0.0,0.0,0.0,0
20,0,14.0,0,0.0,0.0,0.0,0.0,3.0,5.0,0.0,0.0,0,1.0,3.0,4.0,0
30,0,14.0,0,1.0,2.0,0.0,0.0,3.0,3.0,0.0,0.0,0,0.0,0.0,0.0,0
25,0,18.0,0,1.0,10.0,0.0,0.0,3.0,2.0,0.0,0.0,0,0.0,0.0,0.0,0
26,1,19.0,1,1.0,5.0,0.0,0.0,2.0,3.0,0.0,0.0,1,0.0,0.0,0.0,0
26,0,19.0,0,1.0,1.0,0.0,0.0,3.0,2.0,0.0,0.0,0,0.0,0.0,0.0,0
24,0,18.0,0,1.0,4.0,0.0,0.0,4.0,4.0,0.0,0.0,0,0.0,0.0,0.0,0
34,0,18.0,0,0.0,0.0,0.0,0.0,0.0,3.0,0.0,0.0,0,0.0,0.0,0.0,0
21,0,19.0,0,1.0,0.5,0.0,0.0,2.0,2.0,0.0,0.0,0,0.0,0.0,0.0,0
19,0,13.0,0,0.0,0.0,0.0,0.0,4.0,3.0,2.0,0.0,0,0.0,0.0,0.0,0
41,0,15.0,0,1.0,20.0,0.0,0.0,6.0,2.0,0.0,0.0,0,0.0,0.0,0.0,0
33,0,19.0,0,0.0,0.0,0.0,0.0,0.0,3.0,0.0,0.0,0,0.0,0.0,0.0,0
29,0,17.0,0,1.0,10.0,0.0,0.0,3.0,3.0,0.0,0.0,0,0.0,0.0,0.0,0
20,0,16.0,0,1.0,1.0,0.0,0.0,1.0,2.0,0.0,0.0,0,1.0,0.75,5.0,0
23,0,17.0,0,1.0,1.0,0.0,0.0,1.0,2.0,0.0,0.0,0,0.0,0.0,0.0,0
28,0,15.0,0,1.0,7.0,1.0,4.0,6.0,3.0,2.0,0.0,0,1.0,2.1,14.0,0
29,0,20.0,0,1.0,7.0,0.0,0.0,2.0,1.0,0.0,0.0,0,0.0,0.0,0.0,0
40,1,18.0,0,1.0,0.25,0.0,0.0,1.0,1.0,2.0,0.0,1,0.0,0.0,0.0,1
29,0,14.0,0,0.0,0.0,1.0,6.0,4.0,2.0,0.0,0.0,0,0.0,0.0,0.0,0
20,0,14.0,0,0.0,0.0,0.0,0.0,3.0,3.0,1.0,0.0,0,1.0,0.2,4.0,0
23,0,15.0,0,1.0,8.0,0.0,0.0,1.0,5.0,0.0,0.0,0,1.0,4.0,8.0,0
16,0,15.0,0,0.0,0.0,0.0,0.0,2.0,1.0,0.0,0.0,0,0.0,0.0,0.0,0
37,0,18.0,0,1.0,0.25,0.0,0.0,3.0,3.0,0.0,0.0,0,0.0,0.0,0.0,0
20,0,17.0,0,1.0,0.08,0.0,0.0,1.0,2.0,0.0,0.0,0,0.0,0.0,0.0,0
30,0,18.0,0,0.0,0.0,0.0,0.0,1.0,2.0,0.0,0.0,0,1.0,1.65,11.0,0
20,0,14.0,0,0.0,0.0,0.0,0.0,1.0,4.0,0.0,0.0,1,0.0,0.0,0.0,0
17,0,15.0,0,0.0,0.0,0.0,0.0,2.0,2.0,0.0,0.0,0,0.0,0.0,0.0,0
38,0,15.0,0,1.0,0.5,1.0,19.0,2.0,2.0,0.0,0.0,1,0.0,0.0,0.0,0
26,0,18.0,0,1.0,1.0,0.0,0.0,2.0,5.0,0.0,0.0,0,0.0,0.0,0.0,0
35,0,16.0,0,1.0,4.0,1.0,11.0,5.0,3.0,0.0,0.0,0,0.0,0.0,0.0,0
24,0,15.0,0,1.0,1.0,0.0,0.0,3.0,5.0,0.0,0.0,0,0.0,0.0,0.0,0
25,0,15.0,0,0.0,0.0,0.0,0.0,1.0,3.0,0.0,0.0,0,0.0,0.0,0.0,0
33,0,28.0,0,1.0,1.0,0.0,0.0,2.0,3.0,0.0,0.0,0,0.0,0.0,0.0,0
18,0,14.0,0,1.0,2.0,0.0,0.0,1.0,5.0,0.0,0.0,0,1.0,1.2,3.0,0
28,0,15.0,0,0.0,0.0,0.0,0.0,2.0,2.0,0.0,0.0,0,0.0,0.0,0.0,0
26,0,15.0,0,0.0,0.0,0.0,0.0,2.0,2.0,0.0,0.0,0,0.0,0.0,0.0,0
23,0,17.0,1,1.0,6.0,0.0,0.0,2.0,1.0,0.0,0.0,1,0.0,0.0,0.0,0
36,0,17.0,0,1.0,15.0,0.0,0.0,3.0,4.0,0.0,0.0,0,0.0,0.0,0.0,0
18,0,16.0,0,1.0,1.0,0.0,0.0,1.0,1.0,0.0,0.0,0,0.0,0.0,0.0,0
34,0,16.0,0,1.0,1.0,1.0,5.0,2.0,3.0,0.0,0.0,0,0.0,0.0,0.0,0
26,0,20.0,0,1.0,6.0,0.0,0.0,2.0,2.0,0.0,0.0,0,0.0,0.0,0.0,0
18,0,15.0,0,1.0,0.08,0.0,0.0,2.0,1.0,0.0,0.0,0,0.0,0.0,0.0,0
18,0,17.0,0,0.0,0.0,0.0,0.0,1.0,1.0,0.0,0.0,0,0.0,0.0,0.0,0
41,0,20.0,0,1.0,8.0,0.0,0.0,4.0,3.0,0.0,0.0,0,0.0,0.0,0.0,0
19,0,16.0,0,0.0,0.0,0.0,0.0,1.0,2.0,0.0,0.0,0,0.0,0.0,0.0,0
34,0,21.0,0,1.0,0.33,0.0,0.0,2.0,2.0,0.0,0.0,0,0.0,0.0,0.0,0
36,0,15.0,0,1.0,5.0,0.0,0.0,4.0,6.0,0.0,0.0,0,1.0,1.6,16.0,0
19,0,14.0,0,1.0,0.5,0.0,0.0,2.0,2.0,0.0,0.0,0,0.0,0.0,0.0,0
21,0,17.0,0,0.0,0.0,0.0,0.0,0.0,3.0,0.0,0.0,0,0.0,0.0,0.0,1
35,0,18.0,0,1.0,5.0,0.0,0.0,3.0,3.0,0.0,0.0,0,0.0,0.0,0.0,0
30,0,22.0,0,0.0,0.0,0.0,0.0,1.0,3.0,0.0,0.0,0,0.0,0.0,0.0,0
15,0,13.0,0,1.0,1.0,0.0,0.0,1.0,2.0,1.0,0.0,0,0.0,0.0,0.0,0
21,0,17.0,0,1.0,5.0,0.0,0.0,1.0,1.0,0.0,0.0,0,0.0,0.0,0.0,0
22,0,18.0,0,0.0,0.0,0.0,0.0,1.0,2.0,0.0,0.0,0,0.0,0.0,0.0,0
19,0,15.0,0,1.0,3.0,0.0,0.0,2.0,4.0,0.0,0.0,0,0.0,0.0,0.0,0
20,0,17.0,0,1.0,1.0,0.0,0.0,2.0,1.0,0.0,0.0,0,0.0,0.0,0.0,0
28,0,18.0,0,0.0,0.0,0.0,0.0,3.0,2.0,0.0,0.0,0,0.0,0.0,0.0,0
21,0,15.0,0,1.0,0.17,0.0,0.0,1.0,5.0,0.0,0.0,0,0.0,0.0,0.0,0
24,0,18.0,0,1.0,0.5,0.0,0.0,2.0,2.0,0.0,0.0,0,0.0,0.0,0.0,0
25,0,18.0,0,0.0,0.0,0.0,0.0,3.0,3.0,0.0,0.0,0,0.0,0.0,0.0,0
33,0,32.0,0,0.0,0.0,0.0,0.0,2.0,1.0,0.0,0.0,0,0.0,0.0,0.0,0
25,0,16.0,0,0.0,0.0,0.0,0.0,1.0,5.0,0.0,0.0,0,0.0,0.0,0.0,0
26,0,17.0,0,0.0,0.0,0.0,0.0,4.0,4.0,0.0,0.0,0,1.0,0.2,2.0,0
18,0,16.0,0,0.0,0.0,0.0,0.0,2.0,1.0,2.0,0.0,0,0.0,0.0,0.0,0
18,1,15.0,0,0.0,0.0,0.0,0.0,1.0,2.0,0.0,0.0,0,0.0,0.0,0.0,0
35,0,17.0,0,0.0,0.0,0.0,0.0,2.0,2.0,0.0,0.0,0,1.0,0.32,15.0,0
25,0,15.0,0,0.0,0.0,0.0,0.0,2.0,3.0,0.0,0.0,0,0.0,0.0,0.0,0
30,0,17.0,0,1.0,6.0,0.0,0.0,2.0,2.0,0.0,0.0,0,0.0,0.0,0.0,0
21,0,18.0,0,0.0,0.0,0.0,0.0,2.0,2.0,0.0,0.0,0,0.0,0.0,0.0,0
33,0,16.0,0,0.0,0.0,0.0,0.0,2.0,3.0,0.0,0.0,0,0.0,0.0,0.0,0
33,0,27.0,0,1.0,0.16,0.0,0.0,3.0,1.0,0.0,0.0,0,0.0,0.0,0.0,0
21,0,18.0,0,1.0,1.0,0.0,0.0,2.0,2.0,0.0,0.0,0,0.0,0.0,0.0,0
35,0,21.0,0,1.0,5.0,0.0,0.0,1.0,1.0,0.0,0.0,0,0.0,0.0,0.0,0
19,0,17.0,0,1.0,2.0,0.0,0.0,1.0,1.0,0.0,0.0,0,0.0,0.0,0.0,0
32,0,17.0,0,1.0,0.33,0.0,0.0,5.0,2.0,0.0,0.0,0,0.0,0.0,0.0,0
26,0,19.0,0,1.0,1.0,0.0,0.0,3.0,1.0,0.0,0.0,0,0.0,0.0,0.0,0
26,0,18.0,0,0.0,0.0,0.0,0.0,1.0,1.0,0.0,0.0,0,0.0,0.0,0.0,0
31,0,15.0,0,0.0,0.0,1.0,11.0,3.0,3.0,0.0,0.0,0,1.0,0.8,16.0,0
20,0,19.0,0,1.0,0.25,0.0,0.0,1.0,1.0,1.0,0.0,0,0.0,0.0,0.0,1
19,0,14.0,0,1.0,0.16,0.0,0.0,2.0,7.0,2.0,0.0,0,0.0,0.0,0.0,0
23,0,18.0,0,0.0,0.0,0.0,0.0,3.0,2.0,0.0,0.0,0,0.0,0.0,0.0,0
42,0,20.0,0,1.0,7.0,1.0,6.0,2.0,2.0,2.0,0.0,0,0.0,0.0,0.0,0
36,0,15.0,0,0.0,0.0,0.0,0.0,3.0,2.0,1.0,0.0,0,0.0,0.0,0.0,0
26,0,15.0,0,1.0,1.0,1.0,8.0,2.0,2.0,0.0,0.0,0,0.0,0.0,0.0,0
33,0,24.0,0,1.0,0.08,0.0,0.0,2.0,2.0,0.0,0.0,0,0.0,0.0,0.0,0
17,0,15.0,0,0.0,0.0,0.0,0.0,2.0,1.0,0.0,0.0,0,0.0,0.0,0.0,0
22,0,18.0,0,0.0,0.0,0.0,0.0,2.0,2.0,0.0,0.0,0,0.0,0.0,0.0,0
25,0,17.0,0,1.0,1.5,0.0,0.0,3.0,4.0,0.0,0.0,0,0.0,0.0,0.0,0
35,0,17.0,1,1.0,1.0,0.0,0.0,3.0,2.0,0.0,0.0,1,0.0,0.0,0.0,1
25,0,15.0,0,1.0,3.0,1.0,2.0,4.0,5.0,0.0,0.0,0,0.0,0.0,0.0,0
28,0,15.0,0,1.0,8.0,0.0,0.0,2.0,3.0,0.0,0.0,0,1.0,0.8,8.0,0
28,0,15.0,0,1.0,5.0,1.0,1.5,3.0,2.0,0.0,0.0,0,0.0,0.0,0.0,0
19,0,15.0,0,0.0,0.0,0.0,0.0,2.0,3.0,0.0,0.0,0,0.0,0.0,0.0,0
18,0,17.0,0,1.0,0.25,0.0,0.0,2.0,1.0,0.0,0.0,0,0.0,0.0,0.0,0
17,0,15.0,0,0.0,0.0,0.0,0.0,1.0,3.0,0.0,0.0,0,0.0,0.0,0.0,0
19,0,18.0,0,1.0,1.0,0.0,0.0,1.0,3.0,0.0,0.0,0,0.0,0.0,0.0,0
25,0,15.0,0,0.0,0.0,0.0,0.0,3.0,4.0,2.0,0.0,1,1.0,0.7,7.0,0
26,0,19.0,0,0.0,0.0,0.0,0.0,1.0,2.0,0.0,0.0,0,0.0,0.0,0.0,0
29,0,17.0,0,1.0,0.5,0.0,0.0,6.0,5.0,1.0,0.0,0,1.0,1.3,1.266972909,0
17,0,15.0,1,0.0,0.0,0.0,0.0,2.0,2.0,4.0,1.0,1,0.0,0.0,0.0,0
36,0,15.0,0,1.0,0.25,1.0,1.0,4.0,3.0,0.0,0.0,0,0.0,0.0,0.0,0
22,0,16.0,0,1.0,0.5,0.0,0.0,1.0,4.0,0.0,0.0,1,0.0,0.0,0.0,1
31,0,20.0,0,1.0,6.0,0.0,0.0,2.0,2.0,2.0,0.0,0,1.0,4.5,9.0,0
43,0,17.0,0,1.0,5.0,0.0,0.0,3.0,3.0,0.0,0.0,0,0.0,0.0,0.0,0
22,0,22.0,0,0.0,0.0,0.0,0.0,1.0,1.0,0.0,0.0,0,0.0,0.0,0.0,0
27,0,19.0,0,1.0,7.0,0.0,0.0,2.0,2.0,0.0,0.0,0,0.0,0.0,0.0,0
24,0,17.0,0,1.0,1.0,0.0,0.0,3.0,3.0,0.0,0.0,0,0.0,0.0,0.0,0
44,0,25.0,0,0.0,0.0,0.0,0.0,1.0,2.0,0.0,0.0,0,0.0,0.0,0.0,0
22,0,17.0,0,0.0,0.0,0.0,0.0,3.0,2.0,0.0,0.0,0,0.0,0.0,0.0,0
26,0,15.0,0,0.0,0.0,1.0,6.0,5.0,3.0,0.0,0.0,0,0.0,0.0,0.0,0
25,0,17.0,0,1.0,3.0,0.0,0.0,2.0,2.0,0.0,0.0,0,0.0,0.0,0.0,0
28,0,17.0,0,0.0,0.0,0.0,0.0,4.0,6.0,0.0,0.0,0,0.0,0.0,0.0,0
15,0,15.0,0,0.0,0.0,0.0,0.0,1.0,2.0,0.0,0.0,0,0.0,0.0,0.0,0
19,0,15.0,0,1.0,4.0,0.0,0.0,1.0,1.0,0.0,0.0,0,0.0,0.0,0.0,0
15,0,14.0,0,0.0,0.0,0.0,0.0,1.0,2.0,0.0,0.0,0,0.0,0.0,0.0,0
25,0,18.0,0,0.0,0.0,0.0,0.0,2.0,2.0,0.0,0.0,0,0.0,0.0,0.0,0
18,0,16.0,1,0.0,0.0,0.0,0.0,1.0,1.0,2.0,0.0,1,1.0,0.05,2.0,1
16,0,15.0,0,0.0,0.0,0.0,0.0,1.0,2.0,0.0,0.0,0,0.0,0.0,0.0,0
27,0,16.0,0,1.0,7.0,0.0,0.0,2.0,1.0,0.0,0.0,0,0.0,0.0,0.0,0
40,0,20.0,0,0.0,0.0,1.0,1.0,3.0,2.0,0.0,0.0,0,0.0,0.0,0.0,0
21,0,20.0,0,0.0,0.0,0.0,0.0,2.0,1.0,0.0,0.0,0,0.0,0.0,0.0,0
18,0,17.0,0,1.0,0.16,0.0,0.0,1.0,1.0,0.0,0.0,0,0.0,0.0,0.0,0
20,0,16.0,0,1.0,1.0,0.0,0.0,1.0,2.0,0.0,0.0,0,0.0,0.0,0.0,0
16,0,15.0,0,0.0,0.0,0.0,0.0,1.0,1.0,0.0,0.0,0,1.0,0.25,1.0,0
29,0,16.0,0,0.0,0.0,0.0,0.0,1.0,4.0,0.0,0.0,0,1.0,9.0,9.0,0
37,0,21.0,0,1.0,4.0,0.0,0.0,4.0,2.0,0.0,0.0,0,0.0,0.0,0.0,0
33,0,16.0,0,1.0,3.0,0.0,0.0,4.0,2.0,0.0,0.0,0,0.0,0.0,0.0,0
41,0,18.0,0,1.0,1.0,1.0,4.0,5.0,3.0,0.0,0.0,0,0.0,0.0,0.0,0
23,0,17.0,0,0.0,0.0,0.0,0.0,2.0,3.0,0.0,0.0,0,0.0,0.0,0.0,0
19,0,14.0,0,0.0,0.0,0.0,0.0,0.0,1.0,0.0,0.0,0,0.0,0.0,0.0,0
43,0,18.0,0,1.0,15.0,0.0,0.0,4.0,2.0,0.0,0.0,0,0.0,0.0,0.0,0
21,0,15.0,0,0.0,0.0,0.0,0.0,1.0,1.0,0.0,0.0,0,0.0,0.0,0.0,0
28,0,21.0,0,0.0,0.0,0.0,0.0,1.0,3.0,0.0,0.0,0,0.0,0.0,0.0,0
19,0,15.0,0,1.0,4.0,0.0,0.0,2.0,4.0,0.0,0.0,0,0.0,0.0,0.0,0
33,0,17.0,0,1.0,10.0,0.0,0.0,3.0,2.0,0.0,0.0,0,0.0,0.0,0.0,0
20,0,11.0,0,1.0,0.42,0.0,0.0,3.0,2.0,0.0,0.0,0,0.0,0.0,0.0,0
28,0,19.0,0,0.0,0.0,0.0,0.0,2.0,1.0,0.0,0.0,0,0.0,0.0,0.0,0
29,0,14.0,1,1.0,2.0,1.0,0.91,2.0,3.0,0.0,0.0,1,0.0,0.0,0.0,0
23,0,15.0,0,1.0,5.0,0.0,0.0,3.0,2.0,0.0,0.0,0,0.0,0.0,0.0,0
23,0,15.0,0,0.0,0.0,0.0,0.0,3.0,1.0,0.0,0.0,0,0.0,0.0,0.0,0
24,0,17.0,0,0.0,0.0,0.0,0.0,1.0,2.0,1.0,1.0,0,0.0,0.0,0.0,0
25,0,17.0,0,1.0,3.0,0.0,0.0,3.0,3.0,0.0,0.0,0,0.0,0.0,0.0,0
27,0,16.0,0,1.0,0.41,0.0,0.0,3.0,3.0,0.0,0.0,0,0.0,0.0,0.0,0
19,0,14.0,0,1.0,1.5,0.0,0.0,2.0,1.0,0.0,0.0,0,0.0,0.0,0.0,0
26,0,19.0,0,0.0,0.0,0.0,0.0,1.0,2.0,0.0,0.0,0,0.0,0.0,0.0,0
17,0,15.0,0,1.0,0.33,0.0,0.0,1.0,2.0,0.0,0.0,0,0.0,0.0,0.0,0
19,0,17.0,0,1.0,1.0,0.0,0.0,1.0,1.0,0.0,0.0,0,0.0,0.0,0.0,0
29,0,18.0,0,1.0,1.0,0.0,0.0,3.0,4.0,0.0,0.0,0,0.0,0.0,0.0,0
34,0,15.0,0,1.0,0.66,0.0,0.0,4.0,3.0,0.0,0.0,0,0.0,0.0,0.0,0
29,0,22.0,0,0.0,0.0,0.0,0.0,2.0,1.0,0.0,0.0,0,0.0,0.0,0.0,0
23,0,23.0,0,1.0,2.0,0.0,0.0,2.0,5.0,0.0,0.0,0,0.0,0.0,0.0,0
18,0,17.0,0,0.0,0.0,0.0,0.0,1.0,2.0,0.0,0.0,0,0.0,0.0,0.0,0
24,0,13.0,0,1.0,2.0,1.0,3.0,5.0,2.0,0.0,0.0,0,0.0,0.0,0.0,0
32,0,18.0,0,1.0,8.0,0.0,0.0,2.0,3.0,0.0,0.0,0,0.0,0.0,0.0,0
18,0,18.0,0,0.0,0.0,0.0,0.0,1.0,1.0,0.0,0.0,0,0.0,0.0,0.0,0
29,0,28.0,0,0.0,0.0,0.0,0.0,1.0,1.0,0.0,0.0,0,0.0,0.0,0.0,0
34,0,26.0,0,1.0,2.0,0.0,0.0,3.0,1.0,0.0,0.0,0,0.0,0.0,0.0,0
21,0,16.0,0,1.0,0.42,0.0,0.0,1.0,5.0,0.0,0.0,0,0.0,0.0,0.0,0
52,0,16.0,0,1.0,3.0,0.0,0.0,4.0,5.0,0.0,0.0,0,1.0,37.0,37.0,0
31,0,18.0,0,0.0,0.0,0.0,0.0,2.0,2.0,0.0,0.0,0,0.0,0.0,0.0,0
18,0,15.0,0,0.0,0.0,0.0,0.0,1.0,4.0,0.0,0.0,0,0.0,0.0,0.0,0
28,0,23.0,0,1.0,3.0,0.0,0.0,3.0,1.0,0.0,0.0,0,0.0,0.0,0.0,0
32,0,12.0,0,0.0,0.0,0.0,0.0,2.0,7.0,0.0,0.0,0,1.0,5.7,19.0,0
21,0,13.0,0,1.0,4.0,0.0,0.0,2.0,1.0,0.0,0.0,0,1.0,0.75,15.0,0
36,0,17.0,0,0.0,0.0,0.0,0.0,1.0,2.0,0.0,0.0,0,0.0,0.0,0.0,0
34,0,14.0,0,1.0,1.0,1.0,2.0,5.0,5.0,0.0,0.0,0,0.0,0.0,0.0,0
26,0,15.0,1,1.0,0.33,0.0,0.0,2.0,3.0,0.0,0.0,1,0.0,0.0,0.0,1
17,0,16.0,0,1.0,0.25,0.0,0.0,2.0,1.0,0.0,0.0,0,0.0,0.0,0.0,0
20,1,17.0,0,1.0,0.25,0.0,0.0,2.0,3.0,0.0,0.0,0,0.0,0.0,0.0,1
30,0,17.0,0,1.0,1.0,0.0,0.0,1.0,2.0,0.0,0.0,0,0.0,0.0,0.0,0
45,0,14.0,0,1.0,10.0,1.0,5.0,6.0,4.0,0.0,0.0,0,0.0,0.0,0.0,0
19,0,14.0,0,0.0,0.0,0.0,0.0,2.0,3.0,0.0,0.0,0,0.0,0.0,0.0,0
25,0,16.0,0,0.0,0.0,0.0,0.0,2.0,15.0,2.0,0.0,0,0.0,0.0,0.0,0
19,0,17.0,0,1.0,1.0,0.0,0.0,1.0,1.0,0.0,0.0,0,1.0,12.0,7.0,0
27,0,16.0,0,0.0,0.0,0.0,0.0,2.0,4.0,0.0,0.0,0,0.0,0.0,0.0,0
23,0,16.0,0,0.0,0.0,0.0,0.0,2.0,4.0,2.0,0.0,0,0.0,0.0,0.0,0
23,0,15.0,0,1.0,0.25,1.0,7.0,3.0,1.0,0.0,0.0,0,0.0,0.0,0.0,0
35,0,16.0,0,0.0,0.0,0.0,0.0,4.0,4.0,0.0,0.0,0,0.0,0.0,0.0,0
30,0,17.0,1,1.0,4.0,0.0,0.0,3.0,1.0,0.0,0.0,1,0.0,0.0,0.0,1
27,0,19.0,0,0.0,0.0,0.0,0.0,1.0,1.0,0.0,0.0,0,0.0,0.0,0.0,0
28,0,18.0,0,1.0,3.0,0.0,0.0,2.0,2.0,0.0,0.0,0,0.0,0.0,0.0,0
31,0,17.0,0,1.0,1.0,0.0,0.0,5.0,1.0,0.0,0.0,0,0.0,0.0,0.0,0
27,0,21.0,0,1.0,1.0,0.0,0.0,1.0,5.0,0.0,0.0,0,0.0,0.0,0.0,0
29,0,20.0,0,1.0,2.0,0.0,0.0,2.0,5.0,2.0,0.0,0,0.0,0.0,0.0,0
22,0,18.0,0,1.0,7.0,0.0,0.0,2.0,1.0,0.0,0.0,0,0.0,0.0,0.0,0
33,1,16.0,0,1.0,1.0,0.0,0.0,4.0,3.0,1.0,1.0,1,1.0,1.4,14.0,1
25,0,16.0,0,1.0,3.0,0.0,0.0,2.0,2.0,0.0,0.0,0,1.0,0.16,8.0,0
26,0,18.0,0,0.0,0.0,0.0,0.0,1.0,2.0,0.0,0.0,0,0.0,0.0,0.0,0
15,0,15.0,0,0.0,0.0,0.0,0.0,1.0,1.0,0.0,0.0,0,0.0,0.0,0.0,0
24,0,18.0,1,0.0,0.0,0.0,0.0,4.0,2.0,1.0,1.0,1,0.0,0.0,0.0,1
19,0,17.0,0,0.0,0.0,0.0,0.0,2.0,1.0,0.0,0.0,0,0.0,0.0,0.0,0
23,0,18.0,0,1.0,0.25,0.0,0.0,5.0,1.0,0.0,0.0,0,0.0,0.0,0.0,0
35,0,19.0,0,0.0,0.0,0.0,0.0,2.0,5.0,0.0,0.0,1,0.0,0.0,0.0,1
45,0,20.0,0,0.0,0.0,0.0,0.0,5.0,1.0,0.0,0.0,0,0.0,0.0,0.0,0
18,0,18.0,0,0.0,0.0,0.0,0.0,1.0,1.0,0.0,0.0,0,0.0,0.0,0.0,0
28,1,15.0,0,0.0,0.0,0.0,0.0,4.0,5.0,0.0,0.0,1,0.0,0.0,0.0,1
30,0,16.0,0,0.0,0.0,0.0,0.0,3.0,3.0,0.0,0.0,0,0.0,0.0,0.0,0
34,0,14.0,0,0.0,0.0,0.0,0.0,4.0,3.0,0.0,0.0,0,0.0,0.0,0.0,0
24,0,17.0,0,1.0,1.0,0.0,0.0,1.0,4.0,0.0,0.0,0,1.0,2.25,9.0,0
35,0,18.0,0,0.0,0.0,0.0,0.0,4.0,3.0,0.0,0.0,0,1.0,9.0,18.0,0
20,0,14.0,0,1.0,0.5,0.0,0.0,4.0,2.0,0.0,0.0,0,1.0,3.0,3.0,1
36,0,20.0,0,1.0,5.0,0.0,0.0,2.0,2.0,0.0,0.0,0,0.0,0.0,0.0,0
27,0,15.0,0,1.0,2.282200521,1.0,5.0,4.0,1.0,0.0,0.0,0,0.0,0.0,0.0,0
46,0,13.0,0,0.0,0.0,0.0,0.0,0.0,1.0,0.0,0.0,0,0.0,0.0,0.0,0
34,0,20.0,0,1.0,4.0,0.0,0.0,1.0,1.0,0.0,0.0,0,0.0,0.0,0.0,0
31,0,18.0,0,0.0,0.0,0.0,0.0,3.0,2.0,0.0,0.0,0,0.0,0.0,0.0,0
21,0,17.0,0,1.0,3.0,0.0,0.0,3.0,4.0,0.0,0.0,0,0.0,0.0,0.0,0
33,0,18.0,0,1.0,9.0,0.0,0.0,2.0,3.0,0.0,0.0,0,0.0,0.0,0.0,0
31,0,20.0,0,0.0,0.0,0.0,0.0,5.0,1.0,0.0,0.0,0,0.0,0.0,0.0,0
50,0,17.0,0,1.0,5.0,0.0,0.0,7.0,2.0,0.0,0.0,0,0.0,0.0,0.0,0
23,0,15.0,0,0.0,0.0,0.0,0.0,2.0,1.0,0.0,0.0,0,0.0,0.0,0.0,0
19,0,16.0,0,0.0,0.0,0.0,0.0,2.0,3.0,0.0,0.0,0,0.0,0.0,0.0,0
18,0,17.0,0,0.0,0.0,0.0,0.0,1.0,3.0,0.0,0.0,0,0.0,0.0,0.0,0
35,0,17.0,0,1.0,17.0,0.0,0.0,3.0,3.0,0.0,0.0,0,1.0,2.7,9.0,0
16,0,16.0,0,0.0,0.0,0.0,0.0,1.0,1.0,0.0,0.0,0,0.0,0.0,0.0,0
20,0,18.0,0,1.0,0.5,0.0,0.0,1.0,1.0,0.0,0.0,0,0.0,0.0,0.0,0
32,0,19.0,0,1.0,8.0,0.0,0.0,1.0,2.0,0.0,0.0,0,0.0,0.0,0.0,0
15,0,14.0,0,1.0,0.08,0.0,0.0,2.0,1.0,0.0,0.0,0,0.0,0.0,0.0,0
23,0,15.0,0,1.0,5.0,0.0,0.0,2.0,2.0,0.0,0.0,0,1.0,0.5132021277,1.266972909,0
21,0,18.0,0,0.0,0.0,0.0,0.0,2.0,1.0,0.0,0.0,0,0.0,0.0,0.0,0
49,0,15.0,0,0.0,0.0,0.0,0.0,2.0,3.0,0.0,0.0,0,0.0,0.0,0.0,0
29,0,17.0,0,1.0,0.58,0.0,0.0,5.0,5.0,0.0,0.0,0,0.0,0.0,0.0,0
22,0,17.0,1,0.0,0.0,0.0,0.0,1.0,3.0,2.0,0.0,1,0.0,0.0,0.0,1
26,0,16.0,0,1.0,2.0,0.0,0.0,3.0,2.0,0.0,0.0,0,1.0,2.2,11.0,0
29,0,17.0,0,0.0,0.0,0.0,0.0,2.0,2.0,0.0,0.0,0,0.0,0.0,0.0,0
22,0,18.0,0,0.0,0.0,0.0,0.0,1.0,3.0,0.0,0.0,0,0.0,0.0,0.0,0
18,0,18.0,0,1.0,0.08,0.0,0.0,1.0,1.0,0.0,0.0,0,0.0,0.0,0.0,0
18,0,16.0,0,1.0,1.0,0.0,0.0,1.0,2.0,0.0,0.0,0,0.0,0.0,0.0,0
35,0,17.0,0,1.0,2.0,0.0,0.0,3.0,3.0,0.0,0.0,0,1.0,2.0,20.0,0
30,1,16.0,0,0.0,0.0,1.0,7.0,4.0,5.0,1.0,1.0,0,0.0,0.0,0.0,0
24,0,15.0,0,1.0,5.0,0.0,0.0,2.0,5.0,0.0,0.0,0,0.0,0.0,0.0,0
22,0,14.0,0,1.0,7.0,0.0,0.0,2.0,1.0,0.0,0.0,0,0.0,0.0,0.0,0
25,0,15.0,0,1.0,9.0,0.0,0.0,2.0,3.0,0.0,0.0,0,0.0,0.0,0.0,0
25,0,15.0,0,1.0,1.0,0.0,0.0,3.0,4.0,0.0,0.0,0,0.0,0.0,0.0,0
25,0,16.0,0,1.0,9.0,0.0,0.0,1.0,2.0,0.0,0.0,0,0.0,0.0,0.0,0
36,0,16.0,0,1.0,2.0,0.0,0.0,3.0,3.0,0.0,0.0,0,1.0,0.3,6.0,0
24,0,16.0,0,0.0,0.0,0.0,0.0,1.0,4.0,0.0,0.0,0,0.0,0.0,0.0,0
24,1,23.0,0,1.0,0.75,0.0,0.0,1.0,1.0,2.0,0.0,1,0.0,0.0,0.0,1
39,0,18.0,0,1.0,3.0,0.0,0.0,2.0,2.0,0.0,0.0,0,0.0,0.0,0.0,0
27,0,15.0,0,0.0,0.0,1.0,8.0,2.0,3.0,0.0,0.0,0,0.0,0.0,0.0,0
42,0,23.0,0,0.0,0.0,0.0,0.0,2.0,3.0,0.0,0.0,0,0.0,0.0,0.0,0
41,0,17.0,0,0.0,0.0,1.0,17.0,4.0,2.0,0.0,0.0,0,0.0,0.0,0.0,0
17,0,15.0,1,0.0,0.0,0.0,0.0,1.0,2.0,0.0,0.0,1,0.0,0.0,0.0,1
16,0,13.0,0,0.0,0.0,0.0,0.0,2.0,1.0,0.0,0.0,0,0.0,0.0,0.0,0
23,0,15.0,0,1.0,1.0,0.0,0.0,3.0,1.0,0.0,0.0,0,0.0,0.0,0.0,0
26,0,18.0,0,1.0,2.0,1.0,0.08,2.0,2.0,0.0,0.0,0,0.0,0.0,0.0,0
15,0,12.0,0,1.0,1.0,0.0,0.0,1.0,4.0,0.0,0.0,0,0.0,0.0,0.0,0
24,0,17.0,0,1.0,6.0,0.0,0.0,3.0,1.0,0.0,0.0,0,0.0,0.0,0.0,0
16,0,14.0,0,1.0,1.0,0.0,0.0,2.0,3.0,0.0,0.0,0,0.0,0.0,0.0,0
18,0,15.0,0,0.0,0.0,0.0,0.0,2.0,3.0,0.0,0.0,0,0.0,0.0,0.0,0
21,0,14.0,1,1.0,1.0,0.0,0.0,3.0,3.0,0.0,0.0,1,0.0,0.0,0.0,0
41,0,16.0,0,0.0,0.0,0.0,0.0,2.0,3.0,0.0,0.0,1,1.0,2.5,5.0,0
41,0,18.0,0,1.0,1.0,0.0,0.0,4.0,3.0,0.0,0.0,0,0.0,0.0,0.0,0
17,0,15.0,0,0.0,0.0,0.0,0.0,1.0,5.0,0.0,0.0,0,0.0,0.0,0.0,0
27,0,20.0,0,0.0,0.0,0.0,0.0,4.0,3.0,0.0,0.0,0,0.0,0.0,0.0,0
28,0,18.0,0,1.0,1.0,0.0,0.0,3.0,8.0,0.0,0.0,0,0.0,0.0,0.0,0
25,0,16.0,0,0.0,0.0,0.0,0.0,1.0,2.0,2.0,0.0,0,0.0,0.0,0.0,0
18,0,14.0,0,0.0,0.0,0.0,0.0,1.0,3.0,0.0,0.0,0,1.0,0.45,3.0,0
18,0,15.0,0,1.0,0.58,0.0,0.0,1.0,3.0,0.0,0.0,0,0.0,0.0,0.0,0
23,0,16.0,0,0.0,0.0,0.0,0.0,1.0,3.0,0.0,0.0,0,0.0,0.0,0.0,0
18,1,13.0,0,0.0,0.0,0.0,0.0,1.0,3.0,0.0,0.0,1,0.0,0.0,0.0,0
30,0,13.0,0,0.0,0.0,0.0,0.0,8.0,4.0,1.0,0.0,0,0.0,0.0,0.0,0
32,0,17.0,0,1.0,0.16,0.0,0.0,2.0,4.0,0.0,0.0,0,0.0,0.0,0.0,0
21,0,18.0,1,0.0,0.0,1.0,3.0,3.0,2.0,0.0,0.0,1,0.0,0.0,0.0,1
23,0,15.0,0,0.0,0.0,0.0,0.0,1.0,3.0,0.0,0.0,0,1.0,0.75,5.0,0
16,0,16.0,0,1.0,0.08,0.0,0.0,1.0,2.0,0.0,0.0,0,0.0,0.0,0.0,0
20,0,15.0,0,0.0,0.0,0.0,0.0,1.0,3.0,0.0,0.0,0,1.0,0.15,1.0,0
20,0,16.0,0,1.0,3.0,0.0,0.0,4.0,3.0,0.0,0.0,0,0.0,0.0,0.0,0
33,0,19.0,0,1.0,2.282200521,0.0,0.0,1.0,5.0,0.0,0.0,0,1.0,0.5132021277,4.0,0
25,0,14.0,0,1.0,7.0,0.0,0.0,3.0,2.0,0.0,0.0,0,1.0,0.4,5.0,0
17,0,15.0,0,0.0,0.0,0.0,0.0,2.0,2.0,0.0,0.0,0,0.0,0.0,0.0,0
33,0,17.0,0,1.0,0.75,0.0,0.0,0.0,4.0,1.0,0.0,0,0.0,0.0,0.0,0
30,0,13.0,1,0.0,0.0,0.0,0.0,3.0,2.0,1.0,1.0,1,1.0,3.3,22.0,1
28,0,16.0,0,1.0,7.0,0.0,0.0,3.0,3.0,1.0,1.0,0,1.0,6.0,12.0,0
31,0,17.0,0,0.0,0.0,0.0,0.0,3.0,2.0,0.0,0.0,0,0.0,0.0,0.0,0
46,0,15.0,0,0.0,0.0,0.0,0.0,6.0,1.0,0.0,0.0,0,0.0,0.0,0.0,0
35,0,20.0,0,0.0,0.0,1.0,10.0,2.0,3.0,2.0,0.0,0,0.0,0.0,0.0,0
32,0,18.0,0,1.0,8.0,0.0,0.0,3.0,4.0,0.0,0.0,0,0.0,0.0,0.0,0
20,0,20.0,0,1.0,0.25,0.0,0.0,1.0,1.0,0.0,0.0,0,0.0,0.0,0.0,0
30,0,22.0,0,1.0,0.16,0.0,0.0,2.0,1.0,0.0,0.0,0,0.0,0.0,0.0,0
34,0,19.0,0,1.0,5.0,0.0,0.0,3.0,3.0,0.0,0.0,0,0.0,0.0,0.0,0
22,0,16.0,0,1.0,9.0,0.0,0.0,2.0,2.0,0.0,0.0,0,0.0,0.0,0.0,0
31,0,18.0,0,0.0,0.0,0.0,0.0,2.0,3.0,0.0,0.0,0,0.0,0.0,0.0,0
23,0,15.0,0,1.0,8.0,0.0,0.0,1.0,8.0,0.0,0.0,0,1.0,7.5,10.0,0
36,0,16.0,0,1.0,0.16,0.0,0.0,5.0,2.0,0.0,0.0,0,0.0,0.0,0.0,0
38,0,19.0,0,0.0,0.0,0.0,0.0,2.0,2.0,0.0,0.0,0,0.0,0.0,0.0,0
30,0,18.0,0,0.0,0.0,0.0,0.0,1.0,2.0,0.0,0.0,0,0.0,0.0,0.0,0
36,0,28.0,0,0.0,0.0,0.0,0.0,1.0,1.0,3.0,0.0,0,1.0,2.4,16.0,0
38,1,19.0,0,1.0,30.0,0.0,0.0,5.0,2.0,0.0,0.0,0,0.0,0.0,0.0,0
19,0,15.0,0,1.0,0.42,0.0,0.0,1.0,4.0,0.0,0.0,0,0.0,0.0,0.0,0
18,0,14.0,0,0.0,0.0,0.0,0.0,2.0,1.0,0.0,0.0,0,0.0,0.0,0.0,0
45,0,17.0,0,1.0,6.0,1.0,5.0,2.0,2.0,0.0,0.0,0,0.0,0.0,0.0,0
18,0,15.0,0,1.0,0.58,0.0,0.0,1.0,3.0,0.0,0.0,0,1.0,0.003,2.0,0
34,0,17.0,0,0.0,0.0,0.0,0.0,1.0,1.0,0.0,0.0,0,0.0,0.0,0.0,0
19,0,14.0,0,0.0,0.0,0.0,0.0,1.0,4.0,0.0,0.0,0,1.0,0.5132021277,7.0,0
28,0,15.0,0,1.0,3.0,0.0,0.0,3.0,3.0,0.0,0.0,0,0.0,0.0,0.0,0
30,0,17.0,0,1.0,11.0,0.0,0.0,2.0,2.0,0.0,0.0,0,0.0,0.0,0.0,0
20,0,18.0,1,1.0,14.0,0.0,0.0,1.0,1.0,0.0,0.0,1,0.0,0.0,0.0,1
19,0,16.0,0,1.0,3.0,0.0,0.0,2.0,2.0,2.0,0.0,0,0.0,0.0,0.0,0
44,0,19.0,0,0.0,0.0,0.0,0.0,1.0,3.0,0.0,0.0,0,0.0,0.0,0.0,0
37,0,17.0,0,0.0,0.0,0.0,0.0,5.0,2.0,0.0,0.0,0,0.0,0.0,0.0,0
20,0,15.0,0,1.0,5.0,0.0,0.0,2.0,4.0,0.0,0.0,0,0.0,0.0,0.0,0
45,0,15.0,0,1.0,0.66,0.0,0.0,7.0,5.0,0.0,0.0,0,0.0,0.0,0.0,0
25,0,24.0,0,1.0,0.08,0.0,0.0,1.0,1.0,0.0,0.0,0,0.0,0.0,0.0,0
29,0,17.0,0,0.0,0.0,0.0,0.0,2.0,8.0,0.0,0.0,0,1.0,2.8,14.0,0
16,0,14.0,0,1.0,0.08,0.0,0.0,2.0,1.0,0.0,0.0,1,0.0,0.0,0.0,0
28,0,17.0,1,1.0,9.0,0.0,0.0,2.0,2.0,0.0,0.0,1,0.0,0.0,0.0,1
17,0,14.0,0,0.0,0.0,0.0,0.0,1.0,2.0,0.0,0.0,0,0.0,0.0,0.0,0
37,0,17.0,0,1.0,3.0,1.0,8.0,3.0,3.0,0.0,0.0,0,0.0,0.0,0.0,0
29,0,10.0,0,0.0,0.0,0.0,0.0,5.0,4.0,1.0,0.0,0,0.0,0.0,0.0,0
23,0,19.0,0,1.0,0.5,0.0,0.0,2.0,2.0,0.0,0.0,0,0.0,0.0,0.0,0
23,0,27.0,0,0.0,0.0,0.0,0.0,3.0,2.0,0.0,0.0,0,0.0,0.0,0.0,0
20,0,17.0,0,1.0,1.0,0.0,0.0,2.0,2.0,0.0,0.0,0,0.0,0.0,0.0,0
37,0,15.0,0,1.0,0.5,1.0,2.0,3.0,3.0,0.0,0.0,0,0.0,0.0,0.0,0
37,0,24.0,0,0.0,0.0,0.0,0.0,1.0,3.0,0.0,0.0,0,1.0,0.04,3.0,0
18,0,18.0,0,1.0,5.0,0.0,0.0,4.0,3.0,0.0,0.0,0,0.0,0.0,0.0,0
23,0,18.0,0,1.0,2.0,0.0,0.0,2.0,2.0,0.0,0.0,0,0.0,0.0,0.0,0
27,0,17.0,0,1.0,8.0,0.0,0.0,3.0,1.0,0.0,0.0,0,0.0,0.0,0.0,0
30,0,14.0,0,1.0,5.0,0.0,0.0,6.0,2.0,0.0,0.0,0,0.0,0.0,0.0,0
20,0,15.0,0,0.0,0.0,0.0,0.0,1.0,2.0,0.0,0.0,0,0.0,0.0,0.0,0
16,0,16.0,0,0.0,0.0,0.0,0.0,1.0,1.0,0.0,0.0,0,0.0,0.0,0.0,0
20,0,18.0,0,0.0,0.0,0.0,0.0,2.0,1.0,0.0,0.0,0,0.0,0.0,0.0,0
35,0,16.0,0,0.0,0.0,0.0,0.0,3.0,3.0,0.0,0.0,0,0.0,0.0,0.0,0
44,0,26.0,0,1.0,2.0,0.0,0.0,4.0,3.0,0.0,0.0,0,0.0,0.0,0.0,0
27,0,15.0,0,1.0,6.0,0.0,0.0,4.0,3.0,0.0,0.0,0,0.0,0.0,0.0,0
36,0,18.0,0,1.0,5.0,0.0,0.0,3.0,2.0,0.0,0.0,0,0.0,0.0,0.0,0
22,0,18.0,0,1.0,3.0,0.0,0.0,2.0,2.0,0.0,0.0,0,0.0,0.0,0.0,0
30,0,29.0,0,0.0,0.0,0.0,0.0,1.0,2.0,0.0,0.0,0,0.0,0.0,0.0,0
35,0,15.0,0,0.0,0.0,0.0,0.0,4.0,5.0,0.0,0.0,0,0.0,0.0,0.0,0
35,0,21.0,0,0.0,0.0,0.0,0.0,5.0,3.0,0.0,0.0,0,0.0,0.0,0.0,0
19,1,18.0,1,1.0,1.0,0.0,0.0,1.0,1.0,0.0,0.0,1,0.0,0.0,0.0,1
18,0,14.0,0,1.0,1.0,0.0,0.0,2.0,2.0,0.0,0.0,0,0.0,0.0,0.0,0
35,0,18.0,0,1.0,2.0,0.0,0.0,2.0,1.0,0.0,0.0,0,0.0,0.0,0.0,0
31,0,15.0,0,1.0,1.0,0.0,0.0,4.0,4.0,0.0,0.0,0,0.0,0.0,0.0,0
23,0,18.0,0,0.0,0.0,0.0,0.0,1.0,1.0,0.0,0.0,0,0.0,0.0,0.0,0
21,0,17.0,0,1.0,1.0,0.0,0.0,1.0,1.0,0.0,0.0,0,0.0,0.0,0.0,0
27,0,19.0,0,0.0,0.0,0.0,0.0,1.0,2.0,0.0,0.0,0,0.0,0.0,0.0,0
17,0,16.0,0,0.0,0.0,0.0,0.0,1.0,1.0,0.0,0.0,0,0.0,0.0,0.0,0
21,0,16.0,0,1.0,5.0,0.0,0.0,3.0,1.0,0.0,0.0,0,0.0,0.0,0.0,0
33,0,18.0,0,1.0,5.0,0.0,0.0,3.0,4.0,0.0,0.0,0,0.0,0.0,0.0,0
16,1,15.0,0,0.0,0.0,0.0,0.0,1.0,2.0,0.0,0.0,0,0.0,0.0,0.0,0
45,1,18.0,0,0.0,0.0,0.0,0.0,4.0,2.0,0.0,0.0,1,0.0,0.0,0.0,0
22,0,14.0,0,1.0,7.0,0.0,0.0,3.0,2.0,0.0,0.0,0,0.0,0.0,0.0,0
30,0,18.0,0,1.0,8.0,1.0,0.5,3.0,2.0,0.0,0.0,0,0.0,0.0,0.0,0
26,0,18.0,0,1.0,0.25,1.0,2.0,2.0,1.0,0.0,0.0,0,0.0,0.0,0.0,0
24,0,17.0,0,0.0,0.0,0.0,0.0,1.0,3.0,0.0,0.0,0,0.0,0.0,0.0,0
13,0,13.0,0,0.0,0.0,0.0,0.0,0.0,1.0,0.0,0.0,0,0.0,0.0,0.0,0
31,0,16.0,0,0.0,0.0,0.0,0.0,4.0,3.0,0.0,0.0,0,1.0,1.0,10.0,0
28,0,15.0,0,0.0,0.0,0.0,0.0,3.0,6.0,0.0,0.0,0,0.0,0.0,0.0,0
28,0,15.0,0,1.0,5.0,0.0,0.0,4.0,2.0,0.0,0.0,0,0.0,0.0,0.0,0
29,0,18.0,0,1.0,0.75,0.0,0.0,2.0,4.0,0.0,0.0,0,0.0,0.0,0.0,0
15,0,14.0,0,1.0,0.16,0.0,0.0,1.0,2.0,0.0,0.0,0,0.0,0.0,0.0,0
42,0,29.0,0,1.0,8.0,0.0,0.0,0.0,2.0,0.0,0.0,0,0.0,0.0,0.0,0
28,0,18.0,0,1.0,7.0,0.0,0.0,6.0,2.0,0.0,0.0,0,0.0,0.0,0.0,0
21,0,18.0,0,1.0,4.0,0.0,0.0,1.0,1.0,0.0,0.0,0,0.0,0.0,0.0,0
17,0,15.0,0,0.0,0.0,0.0,0.0,2.0,2.0,3.0,0.0,0,0.0,0.0,0.0,0
39,0,23.0,0,0.0,0.0,1.0,1.0,2.0,5.0,0.0,0.0,0,0.0,0.0,0.0,0
25,0,16.0,0,1.0,1.0,1.0,3.0,3.0,4.0,0.0,0.0,1,0.0,0.0,0.0,0
34,0,15.0,0,0.0,0.0,0.0,0.0,4.0,1.0,0.0,0.0,0,0.0,0.0,0.0,0
14,0,14.0,0,0.0,0.0,0.0,0.0,1.0,2.0,0.0,0.0,0,0.0,0.0,0.0,0
14,0,14.0,0,0.0,0.0,0.0,0.0,2.0,1.0,0.0,0.0,0,0.0,0.0,0.0,0
27,0,17.0,0,0.0,0.0,0.0,0.0,2.0,6.0,0.0,0.0,0,0.0,0.0,0.0,0
22,1,15.0,1,1.0,1.0,0.0,0.0,1.0,3.0,0.0,0.0,1,0.0,0.0,0.0,1
20,0,16.0,0,1.0,4.0,0.0,0.0,2.0,3.0,0.0,0.0,0,0.0,0.0,0.0,0
28,0,17.0,0,1.0,7.0,0.0,0.0,2.0,2.0,0.0,0.0,0,0.0,0.0,0.0,0
25,0,18.0,0,1.0,5.0,0.0,0.0,2.0,2.0,0.0,0.0,0,0.0,0.0,0.0,0
24,0,20.0,0,1.0,3.0,0.0,0.0,2.0,1.0,0.0,0.0,0,0.0,0.0,0.0,0
37,0,19.0,0,1.0,13.0,0.0,0.0,3.0,3.0,0.0,0.0,1,1.0,6.0,12.0,1
34,0,15.0,0,1.0,9.0,0.0,0.0,4.0,1.0,0.0,0.0,0,0.0,0.0,0.0,0
18,0,16.0,0,0.0,0.0,0.0,0.0,1.0,2.0,3.0,1.0,0,0.0,0.0,0.0,0
26,0,15.0,0,1.0,5.0,1.0,0.17,1.0,8.0,0.0,0.0,0,1.0,1.35,9.0,0
37,0,26.0,0,1.0,0.25,0.0,0.0,1.0,6.0,0.0,0.0,0,0.0,0.0,0.0,0
35,0,14.0,0,1.0,8.0,0.0,0.0,6.0,3.0,0.0,0.0,0,1.0,3.0,15.0,0
26,0,21.0,0,1.0,2.0,0.0,0.0,2.0,2.0,0.0,0.0,0,0.0,0.0,0.0,0
45,0,19.0,0,1.0,6.0,0.0,0.0,2.0,1.0,0.0,0.0,0,0.0,0.0,0.0,0
19,0,15.0,0,1.0,1.0,0.0,0.0,2.0,2.0,3.0,1.0,0,0.0,0.0,0.0,0
17,0,13.0,0,0.0,0.0,0.0,0.0,2.0,2.0,0.0,0.0,0,0.0,0.0,0.0,0
19,0,17.0,0,0.0,0.0,0.0,0.0,1.0,2.0,0.0,0.0,0,0.0,0.0,0.0,0
22,0,15.0,0,1.0,6.0,0.0,0.0,2.0,2.0,0.0,0.0,1,1.0,1.25,5.0,1
23,0,19.0,0,1.0,0.67,0.0,0.0,2.0,1.0,0.0,0.0,0,0.0,0.0,0.0,0
32,1,17.0,0,1.0,10.0,0.0,0.0,2.0,2.0,0.0,0.0,0,1.0,0.9,9.0,0
21,0,13.0,0,0.0,0.0,0.0,0.0,2.0,2.0,0.0,0.0,0,0.0,0.0,0.0,0
24,0,18.0,0,1.0,0.66,0.0,0.0,2.0,2.0,0.0,0.0,0,0.0,0.0,0.0,0
24,0,18.0,0,1.0,6.0,0.0,0.0,2.0,1.0,0.0,0.0,0,0.0,0.0,0.0,0
26,0,16.0,0,0.0,0.0,0.0,0.0,1.0,10.0,0.0,0.0,0,1.0,0.5132021277,9.0,0
40,0,23.0,0,0.0,0.0,0.0,0.0,2.0,3.0,1.0,1.0,0,0.0,0.0,0.0,0
18,0,15.0,0,1.0,0.33,0.0,0.0,1.0,1.0,0.0,0.0,0,0.0,0.0,0.0,0
24,0,19.0,0,0.0,0.0,0.0,0.0,1.0,1.0,0.0,0.0,0,0.0,0.0,0.0,0
22,0,16.0,0,1.0,1.0,0.0,0.0,3.0,1.0,0.0,0.0,0,0.0,0.0,0.0,0
17,0,15.0,0,1.0,2.0,0.0,0.0,2.0,2.0,0.0,0.0,0,0.0,0.0,0.0,0
40,0,27.0,0,0.0,0.0,1.0,1.0,2.0,2.0,0.0,0.0,0,0.0,0.0,0.0,0
19,0,15.993727482839825,0,1.0,0.4160349653314289,0.0,0.0,2.5031362585800876,2.4968637414199124,0.0,0.0,0,0.0,0.0,0.0,1
24,1,16.712979682376645,1,1.0,0.2120293461067435,0.0,0.0,1.8564898411883224,3.0,0.0,0.0,1,0.0,0.0,0.0,1
18,0,17.31738726323789,1,0.658693631618945,0.658693631618945,0.0,0.0,1.0,1.0,0.68261273676211,0.0,1,0.341306368381055,0.0170653184190527,0.68261273676211,1
45,1,17.16293442708143,0,1.0,16.782045065141762,0.0,0.0,2.6741311458371406,1.8370655729185703,0.3258688541628594,0.0,1,0.0,0.0,0.0,1
29,0,17.07056874740043,0,0.9294312525995702,3.7177250103982806,0.0,0.0,3.0705687474004297,1.2117062422012896,0.0,0.0,1,0.0,0.0,0.0,1
21,0,16.357580721793685,0,0.6424192782063156,0.3212096391031578,0.0,0.0,0.6424192782063156,3.642419278206315,0.0,0.0,0,0.0,0.0,0.0,1
22,0,15.0,0,1.0,5.867443447291891,0.0,0.0,1.973488689458378,2.026511310541622,0.0,0.0,1,0.9734886894583782,1.2168608618229728,4.867443447291891,1
36,0,17.585775581273463,0,1.0,9.585775581273465,1.0,3.656897674906147,3.585775581273463,2.585775581273463,0.0,0.0,1,0.0,0.0,0.0,1
19,0,15.119539517150084,0,1.0,0.5602759796702359,0.0,0.0,2.9402302414249575,2.0597697585750425,0.0,0.0,0,0.0,0.0,0.0,1
37,0,18.42452582212412,0,0.575474177875879,0.1438685444689697,0.0,0.0,1.424525822124121,2.698103288496484,1.150948355751758,0.0,1,0.0,0.0,0.0,1
20,0,17.776339852413045,0,0.3881699262065219,0.0970424815516304,0.0,0.0,0.3881699262065219,2.223660147586956,0.3881699262065219,0.0,0,0.0,0.0,0.0,1
20,0,16.643288218442354,0,1.0,0.3391779453894117,0.0,0.0,1.6432882184423532,3.356711781557647,0.0,0.0,0,0.0,0.0,0.0,1
23,0,17.541747109508485,1,0.0,0.0,0.0,0.0,2.6252413285254503,2.458252890491517,1.4582528904915166,0.5417471095084834,1,0.0,0.0,0.0,1
23,0,15.545616789315934,0,1.0,0.4227548541837089,0.0,0.0,1.454383210684065,3.545616789315935,0.0,0.0,1,0.0,0.0,0.0,1
21,1,15.11707038244695,0,1.0,0.956098606582394,0.0,0.0,1.0585351912234748,3.0,0.0,0.0,0,0.0,0.0,0.0,1
20,0,18.0,1,0.3861026378007742,0.3861026378007742,0.6138973621992257,1.8416920865976771,2.2277947243984517,1.613897362199226,0.0,0.0,1,0.0,0.0,0.0,1
19,0,14.961190563823914,0,1.0,0.5768952451059131,0.0,0.0,3.038809436176086,2.0,0.0,0.0,0,0.0388094361760857,0.1164283085282571,0.1164283085282571,1
20,0,16.810701283912127,0,0.0,0.0,0.0,0.0,0.0946493580439362,2.9053506419560637,0.0,0.0,0,0.0,0.0,0.0,1
37,0,15.391582269578592,0,1.0,14.629462056474924,0.1957911347892964,1.1747468087357786,3.804208865210704,2.0,0.0,0.0,1,0.0,0.0,0.0,1
20,0,17.069361300875165,1,1.0,2.861277398249669,0.0,0.0,1.9306386991248343,1.0,0.0,0.0,1,0.0,0.0,0.0,1
21,0,16.100778001377428,0,1.0,0.4748054996556433,0.0,0.0,1.1007780013774269,3.899221998622574,0.0,0.0,0,0.0,0.0,0.0,1
29,0,13.0364436513031,0,0.0182218256515497,0.1093309539092983,0.0,0.0,2.98177817434845,2.0,0.9817781743484504,0.9817781743484504,1,1.0,3.2626452574143228,21.690228963923655,1
37,0,17.905557039244073,0,1.0,9.150013353196645,0.9055570392440716,1.8111140784881432,3.905557039244071,2.9055570392440715,0.0,0.0,1,0.0,0.0,0.0,1
29,0,16.366013546832715,0,0.6830067734163568,2.7320270936654274,0.0,0.0,3.316993226583643,2.2679729063345726,0.0,0.0,1,0.0,0.0,0.0,1
21,0,14.928811351539771,0,1.0,5.60846243346874,0.0,0.0,2.1423772969204578,2.0,0.0,0.0,0,1.0,1.3745801348054008,4.857622703079542,1
35,0,17.31897563029376,0,1.0,9.318975630293762,1.0,4.724097478824955,3.318975630293761,2.318975630293761,0.0,0.0,1,0.0,0.0,0.0,1
26,0,17.155124689030547,1,1.0,9.775623445152728,0.0,0.0,1.844875310969455,1.844875310969455,0.0,0.0,1,0.0,0.0,0.0,1
32,0,28.76728064264174,0,1.0,0.4981382451411339,0.0232719357358258,0.0698158072074776,2.0,1.023271935735826,0.0465438714716517,0.0,1,0.0,0.0,0.0,1
29,0,17.0,0,1.0,9.0,0.1855315174110642,1.113189104466385,2.1855315174110643,2.0,0.0,0.0,1,0.0,0.0,0.0,1
22,0,16.2818547747734,0,0.7181452252266001,0.3590726126133,0.0,0.0,1.0,3.7181452252266,0.5637095495467999,0.0,1,0.0,0.0,0.0,1
24,0,16.881835172378345,0,1.0,0.1296292276010956,0.0,0.0,1.8818351723783435,3.1181648276216563,0.0,0.0,1,0.0,0.0,0.0,1
34,0,20.63915401563019,0,1.0,0.8483685826820753,0.0,0.0,2.6967371653641505,1.6967371653641503,0.0,0.0,1,0.0,0.0,0.0,1
23,0,17.0,1,1.0,5.226342919320696,0.0,0.0,2.0,1.371057153220116,0.0,0.0,1,0.0,0.0,0.0,1
20,0,14.122527986472948,0,1.0,1.1739039256012092,0.0,0.0,3.7549440270541057,2.0,0.0,0.0,0,1.0,2.7855760236723426,3.2450559729458943,1
41,1,17.735071043803885,0,1.0,5.482346884873255,0.0,0.0,1.5298579123922285,1.264928956196114,1.4701420876077715,0.0,1,0.0,0.0,0.0,1
22,0,15.803480930384849,0,1.0,1.580854882883333,0.0,0.0,1.1965190696151513,3.6069618607696974,0.0,0.0,1,0.1965190696151514,0.2456488370189393,0.9825953480757574,1
22,0,15.282034572571307,0,1.0,4.448809850857814,0.0,0.0,1.7179654274286935,2.564069145142613,0.0,0.0,1,0.7179654274286935,0.897456784285867,3.589827137143468,1
19,0,17.822560456220277,0,0.8225604562202772,0.8225604562202772,0.0,0.0,0.8225604562202772,1.3548790875594456,0.0,0.0,0,0.0,0.0,0.0,1
22,0,15.75061475164086,0,1.0,1.8716188659752788,0.0,0.0,1.2493852483591417,3.5012295032817167,0.0,0.0,1,0.2493852483591416,0.311731560448927,1.246926241795708,1
38,0,17.420504217801792,0,1.0,11.158991564396416,0.806834739267264,1.613669478534528,4.0,2.806834739267264,0.0,0.0,1,0.0,0.0,0.0,1
34,0,17.0,1,1.0,1.02848457399798,0.0,0.0,3.0,1.9905051420006732,0.0,0.0,1,0.0,0.0,0.0,1
37,0,16.650470707645706,0,1.0,14.76214696926572,0.0,0.0,3.5873823230885735,2.4126176769114265,0.0,0.0,1,0.4126176769114265,2.475706061468559,4.951412122937118,1
51,0,17.744036171585567,0,0.0,0.0,1.0,8.488072343171133,5.627981914207217,2.6279819142072167,0.0,0.0,1,0.6279819142072168,2.135138508304537,21.351385083045372,1
19,0,14.776412960741997,0,1.0,0.5621130368593598,0.0,0.0,3.2235870392580033,2.0,0.0,0.0,0,0.2235870392580031,0.6707611177740094,0.6707611177740094,1
38,0,16.022410620759054,0,1.0,13.955178758481892,0.3408035402530178,0.6816070805060357,4.0,2.3408035402530176,0.0,0.0,1,0.0,0.0,0.0,1
17,0,14.930757325603564,0,0.0692426743964352,0.0346213371982176,0.0,0.0,1.207728023189306,2.0,0.0,0.0,0,0.0692426743964352,0.2077280231893059,0.2077280231893059,1
37,0,17.858412751843012,0,1.0,9.858412751843012,1.0,2.566348992627953,3.858412751843012,2.858412751843012,0.0,0.0,1,0.0,0.0,0.0,1
21,0,16.142011945249962,0,0.4289940273750183,0.4289940273750183,0.0,0.0,0.4289940273750183,3.0,0.0,0.0,0,0.0,0.0,0.0,1
32,0,17.0,0,1.0,9.0,0.7508710677914974,4.505226406748984,2.750871067791498,2.0,0.0,0.0,1,0.0,0.0,0.0,1
39,0,17.490914251830635,0,0.7545428740846823,0.7545428740846823,0.2454571259153176,2.700028385068494,3.4909142518306355,2.0,0.0,0.0,1,0.0,0.0,0.0,1
20,0,14.309371606507796,0,1.0,0.4742190327910168,0.0,0.0,3.793752262328135,2.1031238688359326,0.0,0.0,0,0.8968761311640674,2.690628393492202,2.690628393492202,1
22,0,16.902552906679567,0,0.0974470933204333,0.0487235466602166,0.0,0.0,1.0,3.0974470933204334,1.8051058133591331,0.0,1,0.0,0.0,0.0,1
30,0,23.44222390307357,0,0.4947476275521428,0.2473738137760714,0.0,0.0,3.010504744895714,2.5157571173435715,0.0,0.0,1,0.0,0.0,0.0,1
38,0,18.652914932215484,0,1.0,14.214797737245808,0.0,0.0,3.0,2.8264574661077417,0.0,0.0,1,0.8264574661077416,4.9587447966464495,9.9174895932929,1
28,0,18.359900797938774,1,1.0,1.56577757168959,0.6799503989693882,2.039851196908165,2.320049601030612,1.6799503989693882,1.3599007979387765,0.0,1,0.0,0.0,0.0,1
24,0,16.895523228496202,0,1.0,0.1238802440315958,0.0,0.0,1.8955232284962005,3.1044767715037995,0.0,0.0,1,0.0,0.0,0.0,1
36,0,15.778403357468326,0,1.0,13.275588248860858,0.3892016787341631,2.335210072404979,3.610798321265837,2.0,0.0,0.0,1,0.0,0.0,0.0,1
28,0,15.021675302960595,0,0.0108376514802983,0.0433506059211934,0.0,0.0,3.9891623485197014,4.956649394078807,0.0,0.0,1,0.0,0.0,0.0,1
28,0,17.905381976419264,0,0.0946180235807363,0.0946180235807363,0.0,0.0,3.905381976419264,3.8107639528385273,0.0,0.0,1,0.0,0.0,0.0,1
18,0,15.908713323213869,1,0.0912866767861335,0.0529462725359574,0.0,0.0,1.1825733535722671,1.0912866767861336,1.8174266464277329,0.0,1,0.9087133232138664,0.0454356661606933,1.8174266464277329,1
32,0,15.042059087228756,0,0.6806863624095851,0.6806863624095851,0.0,0.0,3.680686362409585,2.680686362409585,1.0,1.0,1,1.0,2.0066959114217884,16.55450910072332,1
20,0,14.049938032949196,0,1.0,0.7746591812205725,0.0,0.0,3.90012393410161,2.0,0.0,0.0,0,1.0,2.9126084423389087,3.09987606589839,1
19,0,18.950607146937557,0,1.0,0.2870446397968329,0.0,0.0,1.0,1.0,0.950607146937556,0.0,0,0.0,0.0,0.0,1
25,0,18.426562111876713,1,0.4265621118767139,0.1791560869882198,0.4265621118767139,1.2796863356301418,3.1468757762465724,2.0,1.4265621118767138,0.5734378881232861,1,0.0,0.0,0.0,1
20,0,17.3681627878302,0,0.3681627878302007,0.3681627878302007,0.0,0.0,0.3681627878302007,2.2636744243395985,0.0,0.0,0,0.0,0.0,0.0,1
21,0,16.10310895604336,0,1.0,2.1031089560433607,0.0,0.0,1.5515544780216803,1.8968910439566395,0.0,0.0,0,0.0,0.0,0.0,1
35,0,17.586421543396128,0,0.7067892283019355,0.7067892283019355,0.0,0.0,2.7067892283019352,2.879632315094194,0.0,0.0,1,0.0,0.0,0.0,1
20,0,17.671335454630086,0,1.0,10.384690000930924,0.0,0.0,1.328664545369916,1.0,0.0,0.0,0,0.0,0.0,0.0,1
27,0,17.67251845607704,0,0.3274815439229616,0.0261985235138369,0.0,0.0,3.345036912154077,3.6725184560770385,0.0,0.0,1,0.0,0.0,0.0,1
21,1,15.49525094112464,0,1.0,0.81428089707826,0.0,0.0,1.24762547056232,3.0,0.0,0.0,0,0.0,0.0,0.0,1
20,0,16.374737131177547,0,1.0,0.3021052390685378,0.0,0.0,2.416841912548303,2.7915790437258483,0.0,0.0,0,0.2084209562741514,0.6252628688224542,0.6252628688224542,1
19,0,17.789618142794552,1,1.0,1.4207637144108922,0.0,0.0,1.210381857205446,1.0,0.0,0.0,1,0.0,0.0,0.0,1
19,0,14.18241220609738,0,0.9087938969513096,0.4543969484756548,0.0,0.0,3.7263816908539287,1.9087938969513096,0.1824122060973807,0.0,0,1.0,2.7309419960063632,2.90879389695131,1
33,0,15.988840609405162,0,1.0,12.53905786708193,0.0,0.0,3.011159390594837,2.0,0.0,0.0,1,0.0,0.0,0.0,1
29,0,17.0,1,1.0,4.287793800083222,0.0,0.0,2.9424412399833555,1.0575587600166445,0.0,0.0,1,0.0,0.0,0.0,1
20,0,17.0,0,1.0,1.4887955736097274,0.0,0.0,2.0,2.099057764647471,0.0,0.0,0,0.0,0.0,0.0,1
33,0,15.883061002746754,0,1.0,12.90928649038636,0.0,0.0,3.116938997253246,2.0,0.0,0.0,1,0.0,0.0,0.0,1
18,0,15.0,1,0.8877041827582998,0.5148684259998139,0.0,0.0,2.7754083655166,2.0,0.0,0.0,1,0.0,0.0,0.0,1
19,0,15.701830025104158,1,1.0,1.4292143303760303,0.0,0.0,2.6490849874479214,1.6490849874479214,0.0,0.0,1,0.0,0.0,0.0,1
20,0,17.648798950717183,0,1.0,13.063463868579152,0.0,0.0,1.117067016427606,1.117067016427606,0.0,0.0,1,0.1170670164276058,0.1463337705345073,0.5853350821380293,1
22,0,15.142991682052836,0,1.0,5.213545748709403,0.0,0.0,1.857008317947164,2.2859833641056717,0.0,0.0,1,0.8570083179471641,1.0712603974339552,4.285041589735821,1
39,0,18.523021263434945,0,1.0,14.669425577977696,0.0,0.0,3.0,2.7615106317174725,0.0,0.0,1,0.7615106317174722,4.569063790304833,9.138127580609666,1
20,0,16.61821806331626,1,0.0,0.0,0.0,0.0,1.0,2.236436126632522,2.0,0.0,1,0.3817819366837389,0.0190890968341869,0.7635638733674779,1
24,1,16.79775464775442,1,1.0,0.173032862032967,0.0,0.0,1.8988773238772096,3.0,0.0,0.0,1,0.0,0.0,0.0,1
46,1,17.084106806115,0,1.0,18.3388905792288,0.0,0.0,2.831786387770005,1.9158931938850023,0.1682136122299948,0.0,1,0.0,0.0,0.0,1
22,0,15.70096913145912,0,1.0,2.14466977697484,0.0,0.0,1.29903086854088,3.40193826291824,0.0,0.0,1,0.29903086854088,0.3737885856761,1.4951543427044005,1
37,0,17.927236993635805,0,1.0,9.927236993635807,0.9272369936358064,1.854473987271613,3.854473987271613,2.9272369936358063,0.0,0.0,1,0.0,0.0,0.0,1
30,0,17.0,1,1.0,3.4655801778710686,0.0,0.0,3.0,1.1781399407096438,0.0,0.0,1,0.0,0.0,0.0,1
30,0,13.88127331853051,0,0.2937577728435038,0.2937577728435038,0.0,0.0,3.2937577728435037,2.2937577728435037,1.0,1.0,1,1.0,2.7418602315973426,19.64993781725197,1
37,0,15.1626975612838,0,1.0,15.430558535506702,0.0813487806418997,0.4880926838513986,3.9186512193581,2.0,0.0,0.0,1,0.0,0.0,0.0,1
34,0,17.0,0,1.0,8.321298287318465,0.915162285914808,5.490973715488849,3.0,2.0,0.0,0.0,1,0.0,0.0,0.0,1
21,0,17.013360421498824,0,0.0,0.0,0.0133604214988245,0.0400812644964734,0.0400812644964734,2.9866395785011752,0.0,0.0,0,0.0,0.0,0.0,1
21,0,14.62572920424388,0,1.0,3.941510623341338,0.0,0.0,2.7485415915122404,2.0,0.0,0.0,0,1.0,1.9049738925732105,4.25145840848776,1
33,0,18.25871570586622,0,0.3706421470668909,1.4825685882675637,0.0,0.0,2.370642147066891,3.5174314117324363,0.0,0.0,1,0.0,0.0,0.0,1
17,0,15.0,1,0.1872004327424974,0.1085762509906484,0.0,0.0,1.3744008654849948,2.0,0.0,0.0,1,0.0,0.0,0.0,1
36,0,18.683491464303152,0,0.9472485773838588,12.314231505990165,0.0,0.0,3.0,2.9472485773838586,0.0527514226161413,0.0527514226161413,1,1.0,5.857571158936418,12.527514226161411,1
40,1,17.986001063822872,0,1.0,0.5264789894983011,0.0,0.0,1.0279978723542582,1.013998936177129,1.9720021276457416,0.0,1,0.0,0.0,0.0,1
19,0,17.260134555776826,1,1.0,0.8964188378087554,0.0,0.0,1.4932436294821168,1.2466218147410584,0.0,0.0,1,0.0,0.0,0.0,1
46,0,17.376259585530917,0,0.3762595855309157,0.0940648963827289,0.6237404144690842,4.36618290128359,4.118702072345421,2.2474808289381683,0.7525191710618315,0.0,1,0.6237404144690842,2.1207174091948864,21.207174091948865,1
22,0,16.08350071669867,0,0.9164992833013312,0.4582496416506656,0.0,0.0,1.0,3.9164992833013312,0.1670014333973375,0.0,1,0.0,0.0,0.0,1
20,0,17.0,0,0.7771469159274368,0.1942867289818592,0.0,0.0,1.5542938318548736,3.0,0.0,0.0,0,0.0,0.0,0.0,1
29,0,17.88319150052839,1,1.0,2.419087214054182,0.4415957502641949,1.3247872507925849,2.558404249735805,1.441595750264195,0.8831915005283899,0.0,1,0.0,0.0,0.0,1
21,0,16.424222009246975,0,1.0,0.3939444976882559,0.0,0.0,1.4242220092469764,3.5757779907530236,0.0,0.0,0,0.0,0.0,0.0,1
24,0,17.719063155284207,0,0.0,0.0,0.0,0.0,4.0,2.280936844715792,0.906354385094736,0.906354385094736,1,0.0,0.0,0.0,1
22,0,16.888802517693847,0,0.1111974823061513,0.0555987411530756,0.0,0.0,1.0,3.1111974823061512,1.777605035387697,0.0,1,0.0,0.0,0.0,1
44,0,17.985250208581718,0,0.4926251042908591,6.404126355781169,0.5073748957091408,3.5516242699639857,4.522124687127422,3.0,0.0,0.0,1,1.0,4.680825271156234,23.162247705601096,1
21,0,17.0,0,0.011353644767419,0.0028384111918547,0.0,0.0,1.0113536447674192,3.0,1.977292710465162,0.0,0,0.0,0.0,0.0,1
35,0,17.937321283988254,0,0.5313393580058737,0.5313393580058737,0.0,0.0,2.531339358005874,3.405981925982379,0.0,0.0,1,0.0,0.0,0.0,1
22,0,16.943696724318162,0,0.0563032756818373,0.0281516378409186,0.0,0.0,1.0,3.056303275681837,1.8873934486363253,0.0,1,0.0,0.0,0.0,1
20,0,17.88118208373193,1,1.0,12.693002921051209,0.0,0.0,1.118817916268072,1.0,0.0,0.0,1,0.0,0.0,0.0,1
20,0,17.882473753222897,1,1.0,12.707211285451846,0.0,0.0,1.1175262467771048,1.0,0.0,0.0,1,0.0,0.0,0.0,1
19,0,17.649210302116064,0,1.0,1.7015793957678729,0.0,0.0,1.3507896978839364,1.0,0.0,0.0,0,0.0,0.0,0.0,1
29,0,18.253955120734577,0,0.0,0.0,0.0,0.0,3.4920897585308466,4.2539551207345765,0.0,0.0,1,0.0,0.0,0.0,1
19,0,15.83326246980568,1,1.0,1.5882475884648737,0.0,0.0,2.5833687650971595,1.5833687650971595,0.0,0.0,1,0.0,0.0,0.0,1
17,0,15.0,1,0.037827451525458,0.0219399218847656,0.0,0.0,1.0756549030509162,2.0,0.0,0.0,1,0.0,0.0,0.0,1
27,0,16.87538826142889,0,0.374870579523704,0.1237072912428223,0.0,0.0,3.2502588409525917,3.625129420476296,0.0,0.0,1,0.0,0.0,0.0,1
19,0,14.28571208628186,0,0.7142879137181393,0.3571439568590696,0.0,0.0,3.142863741154418,2.0,0.0,0.0,0,0.7142879137181393,2.142863741154418,2.142863741154418,1
21,0,16.13140087181054,0,0.8685991281894603,0.4342995640947301,0.0,0.0,0.8685991281894603,3.868599128189461,0.0,0.0,0,0.0,0.0,0.0,1
44,1,17.223595838519454,0,1.0,17.764041614805475,0.2235958385194526,0.4471916770389053,3.2235958385194525,2.2235958385194525,0.0,0.0,1,0.0,0.0,0.0,1
21,0,15.110332381678166,0,1.0,6.2942196844751095,0.0,0.0,1.963222539440611,1.963222539440611,0.0,0.0,1,0.9632225394406112,1.204028174300764,4.816112697203057,1
20,0,17.012154474689815,0,1.0,2.9756910506203673,0.0,0.0,1.9878455253101837,1.0,0.0,0.0,0,0.0,0.0,0.0,1
22,1,15.060242346584722,1,1.0,0.972288520571028,0.0,0.0,1.030121173292361,3.0,0.0,0.0,1,0.0,0.0,0.0,1
20,0,17.956840088049425,0,0.0431599119505761,0.010789977987644,0.956840088049424,2.8705202641482717,2.956840088049424,2.043159911950576,0.0,0.0,0,0.0,0.0,0.0,1
34,0,16.10885688630193,0,0.8911431136980711,0.8911431136980711,0.1088568863019289,0.7619982041135023,4.217713772603858,3.0,0.8911431136980711,0.8911431136980711,1,1.0,1.6177137726038575,16.177137726038577,1
38,0,16.4168966727411,0,1.0,13.1662066545178,0.4722988909137001,0.9445977818274004,4.0,2.4722988909137,0.0,0.0,1,0.0,0.0,0.0,1
27,0,17.9788943883579,0,0.0070352038806996,0.0023216172806309,0.0,0.0,3.985929592238601,3.992964796119301,0.0,0.0,1,0.0,0.0,0.0,1
19,0,18.0737965647354,0,1.0,0.9446525764484508,0.0,0.0,1.0,1.0,0.0737965647353988,0.0,0,0.0,0.0,0.0,1
21,1,15.89229143119736,0,1.0,0.6653907133009906,0.0,0.0,1.4461457155986792,3.0,0.0,0.0,0,0.0,0.0,0.0,1
21,0,15.061394928761802,0,1.0,1.061394928761802,0.0,0.0,1.030697464380901,2.938605071238198,0.0,0.0,0,0.0,0.0,0.0,1
20,0,17.0,0,0.4769021558298512,0.1192255389574628,0.0,0.0,0.9538043116597024,3.0,0.0,0.0,0,0.0,0.0,0.0,1
20,0,17.370601361864736,0,0.3706013618647374,0.3706013618647374,0.0,0.0,0.3706013618647374,2.258797276270525,0.0,0.0,0,0.0,0.0,0.0,1
19,0,14.695748688984615,0,1.0,0.5556598951187693,0.0,0.0,3.304251311015383,2.0,0.0,0.0,0,0.3042513110153828,0.9127539330461484,0.9127539330461484,1
21,0,17.0,0,1.0,3.0,0.0,0.0,2.0,1.0,0.0,0.0,0,0.0,0.0,0.0,1
19,0,15.744883839831871,1,1.0,1.4813094461965666,0.0,0.0,2.627558080084063,1.6275580800840634,0.0,0.0,1,0.0,0.0,0.0,1
24,0,20.0784284403845,0,0.4156856880768997,0.3117642660576748,0.0,0.0,2.7529429357693007,1.5843143119231002,1.4156856880768998,0.5843143119231002,1,0.0,0.0,0.0,1
19,0,15.197683979018022,0,1.0,0.5473821434620263,0.0,0.0,2.901158010490989,2.098841989509011,0.0,0.0,0,0.0,0.0,0.0,1
27,0,17.954553619658544,0,0.0454463803414578,0.0036357104273166,0.0,0.0,3.909107239317084,3.954553619658542,0.0,0.0,1,0.0,0.0,0.0,1
21,0,17.0,0,0.0,0.0,0.0,0.0,0.7190368104077697,3.0,1.4380736208155394,0.0,0,0.0,0.0,0.0,1
40,1,17.950411484076557,0,1.0,1.2293731894879656,0.0,0.0,1.0991770318468823,1.0495885159234413,1.9008229681531177,0.0,1,0.0,0.0,0.0,1
24,0,16.890263783890916,0,1.0,0.1260892107658151,0.0,0.0,1.890263783890916,3.109736216109084,0.0,0.0,1,0.0,0.0,0.0,1
19,0,15.911313505571426,0,1.0,0.4296332715807147,0.0,0.0,2.544343247214287,2.455656752785713,0.0,0.0,0,0.0,0.0,0.0,1
31,0,17.759734804396928,0,0.6201325978015367,2.480530391206147,0.0,0.0,2.6201325978015366,2.519469608793853,0.0,0.0,1,0.0,0.0,0.0,1
22,0,15.554762365962263,1,0.7226188170188673,0.7226188170188673,0.0,0.0,1.0,3.0,0.5547623659622654,0.0,1,0.0,0.0,0.0,1
48,0,17.376242319447524,0,0.1881211597237613,2.445575076408897,0.8118788402762387,5.683151881933671,5.435636520828716,3.0,0.0,0.0,1,1.0,3.8891150152817793,29.86133448607725,1
25,0,15.927396809879964,1,1.0,0.2140753987650044,0.0,0.0,2.0,3.0,0.0,0.0,1,0.0,0.0,0.0,1
41,0,15.706704456052105,0,1.0,17.41340891210421,0.0,0.0,3.646647771973947,2.0,0.0,0.0,1,0.0,0.0,0.0,1
25,0,16.167312223701742,1,1.0,0.184085972037282,0.0,0.0,2.0,3.0,0.0,0.0,1,0.0,0.0,0.0,1
20,0,14.233203910894954,0,1.0,0.4805663407587538,0.0,0.0,3.8445307260700305,2.0777346369649847,0.0,0.0,0,0.9222653630350152,2.766796089105046,2.766796089105046,1
20,0,17.025605192333835,0,0.9743948076661664,0.2435987019165416,0.0256051923338335,0.0768155770015006,2.0256051923338334,2.9743948076661666,0.0,0.0,0,0.0,0.0,0.0,1
27,0,19.055157022081588,0,1.0,0.424550454321731,0.9862107444796028,2.9586322334388084,1.9862107444796029,1.9862107444796029,2.0,0.0,1,0.0,0.0,0.0,1
19,1,17.301838285980256,0,1.0,0.4763787144851912,0.0,0.0,1.6981617140197451,2.3963234280394903,0.0,0.0,0,0.0,0.0,0.0,1
25,0,18.0,0,0.0,0.0,0.0,0.0,4.0,2.927807267311759,0.5360963663441204,0.5360963663441204,1,0.0,0.0,0.0,1
36,0,17.690472383713672,0,1.0,9.690472383713672,1.0,3.238110465145311,3.690472383713672,2.690472383713672,0.0,0.0,1,0.0,0.0,0.0,1
36,0,17.0,0,1.0,11.048254783223564,0.8137950197069487,4.882770118241692,3.0,2.0,0.0,0.0,1,0.0,0.0,0.0,1
28,0,14.369462345107758,0,0.0,0.0,0.0,0.0,3.6847311725538794,4.054193517661638,0.3152688274461207,0.3152688274461207,1,0.3152688274461207,1.0403871305721983,6.935914203814656,1
20,0,17.0,0,0.1626169393448913,0.0406542348362228,0.0,0.0,0.3252338786897826,3.0,0.0,0.0,0,0.0,0.0,0.0,1
21,0,16.821854368987687,0,1.0,3.2672184465184726,0.0,0.0,2.0,1.0890728155061575,0.0,0.0,0,0.0890728155061575,0.1113410193826969,0.4453640775307876,1
22,0,15.177462757076832,0,1.0,0.9112686214615844,0.0,0.0,1.0,3.177462757076831,0.0,0.0,1,0.0,0.0,0.0,1
26,0,15.150600260124229,0,0.949799913291924,0.3134339713863349,0.0,0.0,2.100400173416152,3.050200086708076,0.0,0.0,1,0.0,0.0,0.0,1
36,0,17.27428049161164,0,1.0,0.79428963129127,0.0,0.0,2.45143901677672,1.72571950838836,0.5485609832232801,0.0,1,0.0,0.0,0.0,1
23,0,17.0,1,1.0,5.319508824385261,0.0,0.0,2.0,1.38658480406421,0.0,0.0,1,0.0,0.0,0.0,1
19,0,16.254729108871857,1,1.0,0.75566207524206,0.0,0.0,2.1635139274187623,1.5817569637093811,0.0,0.0,1,0.0,0.0,0.0,1
34,0,16.067271516645988,0,0.9327284833540131,0.9327284833540131,0.0672715166459867,0.4709006165219076,4.1345430332919735,3.0,0.9327284833540131,0.9327284833540131,1,1.0,1.5345430332919734,15.345430332919731,1
29,0,17.267872220999184,0,1.0,9.535744441998366,0.0,0.0,2.1339361104995915,2.1339361104995915,0.0,0.0,1,0.1339361104995916,0.8036166629975501,1.6072333259951002,1
19,0,14.09043734021238,0,0.9547813298938106,0.4773906649469053,0.0,0.0,3.864343989681432,1.9547813298938104,0.0904373402123788,0.0,0,1.0,2.8666049231867414,2.9547813298938106,1
27,0,17.920899076508245,0,0.026366974497252,0.0087011015840931,0.0,0.0,3.947266051005496,3.973633025502748,0.0,0.0,1,0.0,0.0,0.0,1
27,0,16.870609899365853,0,0.3764633668780496,0.1242329110697563,0.0,0.0,3.247073266243901,3.6235366331219505,0.0,0.0,1,0.0,0.0,0.0,1
34,0,17.0,1,1.0,1.568340007654501,0.0,0.0,3.0,1.810553330781833,0.0,0.0,1,0.0,0.0,0.0,1
20,0,16.97455225862989,1,1.0,2.9692082329421656,0.0,0.0,2.012723870685055,1.0127238706850554,0.0,0.0,1,0.0,0.0,0.0,1
33,0,17.15041689110353,0,0.8495831088964718,0.8495831088964718,0.0,0.0,3.150416891103528,2.3008337822070564,0.0,0.0,1,0.0,0.0,0.0,1
28,0,18.594130715352136,0,0.5941307153521351,0.2495349004478967,0.5941307153521351,1.7823921460564054,2.8117385692957297,2.8117385692957297,1.1882614307042705,0.0,1,0.0,0.0,0.0,1
22,0,15.38089085663102,0,1.0,3.9051002885293817,0.0,0.0,1.6191091433689784,2.7617817132620432,0.0,0.0,1,0.6191091433689785,0.7738864292112231,3.0955457168448923,1
20,0,18.939828795629207,0,0.9699143978146032,0.2424785994536508,0.0,0.0,0.9699143978146032,1.0601712043707936,0.9699143978146032,0.0,0,0.0,0.0,0.0,1
25,1,16.68423784627142,0,0.8421189231357087,0.0673695138508567,0.0,0.0,2.315762153728582,3.315762153728582,0.0,0.0,1,0.0,0.0,0.0,1
18,0,15.161671295288862,1,0.8383287047111379,0.4862306487324599,0.0,0.0,2.6766574094222757,1.838328704711138,0.3233425905777243,0.0,1,0.1616712952888621,0.0080835647644431,0.3233425905777243,1
22,0,15.46869315979497,0,1.0,3.4221876211276636,0.0,0.0,1.5313068402050298,2.9373863195899403,0.0,0.0,1,0.5313068402050297,0.6641335502562872,2.6565342010251487,1
26,0,16.244458507012997,0,0.0,0.0,0.0,0.0,4.0,3.755541492987005,0.4148195023376652,0.4148195023376652,1,0.0,0.0,0.0,1
35,0,18.45318585613859,0,0.2734070719307062,0.2734070719307062,0.0,0.0,2.2734070719307065,4.1797787842078815,0.0,0.0,1,0.0,0.0,0.0,1
27,0,17.943624503349074,0,0.0563754966509271,0.0045100397320741,0.0,0.0,3.8872490066981458,3.943624503349073,0.0,0.0,1,0.0,0.0,0.0,1
22,0,15.864722376255052,0,1.0,1.2440269305972071,0.0,0.0,1.135277623744947,3.729444752510106,0.0,0.0,1,0.1352776237449467,0.1690970296811835,0.6763881187247343,1
35,0,17.374197981739844,0,0.8129010091300776,0.8129010091300776,0.0,0.0,2.8129010091300777,2.5612969726097674,0.0,0.0,1,0.0,0.0,0.0,1
24,0,17.00028232671387,1,0.9997176732861306,0.0799774138628904,0.0,0.0,2.000564653427739,2.9997176732861304,0.0002823267138694,0.0002823267138694,1,0.0,0.0,0.0,1
21,0,15.006726325852188,1,1.0,1.0067263258521892,0.0,0.0,1.0033631629260946,2.9932736741478108,0.0,0.0,1,0.0,0.0,0.0,1
19,0,15.889136588794743,0,1.0,0.433292462848867,0.0,0.0,2.555431705602627,2.444568294397373,0.0,0.0,0,0.0,0.0,0.0,1
23,0,18.0,1,0.0,0.0,0.2310125848194895,0.6930377544584685,3.7689874151805105,2.0,0.7689874151805105,0.7689874151805105,1,0.0,0.0,0.0,1
21,0,17.0,0,0.0,0.0,0.0,0.0,0.0552342701175719,3.0,0.1104685402351439,0.0,0,0.0,0.0,0.0,1
35,0,16.15035260932259,0,0.8496473906774115,0.8496473906774115,0.1503526093225885,1.0524682652581197,4.300705218645177,3.0,0.8496473906774115,0.8496473906774115,1,1.0,1.700705218645177,17.00705218645177,1
19,0,18.0,1,1.0,10.78447467733843,0.0,0.0,1.0,1.0,0.0,0.0,1,0.0,0.0,0.0,1
38,0,16.351632405930282,0,1.0,13.29673518813944,0.4505441353100935,0.901088270620187,4.0,2.4505441353100936,0.0,0.0,1,0.0,0.0,0.0,1
19,0,18.129159415151495,0,1.0,0.9031304386363788,0.0,0.0,1.0,1.0,0.1291594151514949,0.0,0,0.0,0.0,0.0,1
19,0,18.0,1,0.9540510272587224,0.9540510272587224,0.0459489727412776,0.1378469182238326,1.0918979454825553,1.0459489727412776,0.0,0.0,1,0.0,0.0,0.0,1
34,0,21.72590438658944,0,1.0,0.80308731722544,0.0,0.0,2.60617463445088,1.60617463445088,0.0,0.0,1,0.0,0.0,0.0,1
24,0,18.0,0,0.0,0.0,0.0,0.0,4.0,2.4572856110069257,0.7713571944965373,0.7713571944965373,1,0.0,0.0,0.0,1
28,0,14.343401368811714,0,0.0,0.0,0.0,0.0,3.671700684405857,4.01510205321757,0.3282993155941432,0.3282993155941432,1,0.3282993155941432,1.0833877414606723,7.222584943071151,1
25,0,16.23625648091579,1,1.0,0.175467939885526,0.0,0.0,2.0,3.0,0.0,0.0,1,0.0,0.0,0.0,1
23,1,15.71632543606568,1,1.0,0.6704902994097868,0.0,0.0,1.3581627180328404,3.0,0.0,0.0,1,0.0,0.0,0.0,1
33,0,16.11355759219963,0,1.0,1.0,0.0,0.0,3.886442407800371,2.886442407800371,0.886442407800371,0.886442407800371,1,0.886442407800371,1.2410193709205193,12.410193709205194,1
38,0,16.3284268044072,0,0.6715731955927996,0.6715731955927996,0.3284268044072004,2.2989876308504025,4.656853608814401,3.0,0.6715731955927996,0.6715731955927996,1,1.0,2.056853608814401,20.568536088144008,1
21,0,16.040615401807585,0,1.0,4.43907689728862,0.0,0.0,2.0,1.4796922990962067,0.0,0.0,1,0.4796922990962067,0.5996153738702583,2.3984614954810333,1
44,0,16.54463678347128,0,1.0,19.08927356694256,0.0,0.0,3.2276816082643607,2.0,0.0,0.0,1,0.0,0.0,0.0,1
42,1,17.520163501111995,0,1.0,14.798364988880069,0.5201635011119934,1.0403270022239868,3.5201635011119934,2.5201635011119934,0.0,0.0,1,0.0,0.0,0.0,1
31,0,17.14781849968146,0,1.0,4.8869109980887595,0.1478184996814598,0.2956369993629197,3.14781849968146,1.2956369993629198,0.0,0.0,1,0.0,0.0,0.0,1
29,0,16.10381367754897,0,0.5519068387744855,2.207627355097942,0.0,0.0,3.4480931612255143,2.792372644902058,0.0,0.0,1,0.0,0.0,0.0,1
19,0,14.560937971535386,0,1.0,0.5448750377228309,0.0,0.0,3.4390620284646136,2.0,0.0,0.0,0,0.4390620284646137,1.3171860853938413,1.3171860853938413,1
34,0,16.876653602658344,0,1.0,1.0,0.0,0.0,3.123346397341655,2.123346397341655,0.1233463973416549,0.1233463973416549,1,0.1233463973416549,0.172684956278317,1.726849562783169,1
20,0,17.0,0,0.596517133787603,0.1491292834469007,0.0,0.0,1.193034267575206,3.0,0.0,0.0,0,0.0,0.0,0.0,1
33,0,16.13401522845064,0,1.0,1.0,0.0,0.0,3.865984771549359,2.865984771549359,0.8659847715493593,0.8659847715493593,1,0.8659847715493593,1.212378680169103,12.123786801691027,1
36,0,18.94243464737332,0,1.0,12.884869294746643,0.0287826763133389,0.1726960578800338,3.0,2.971217323686661,0.0,0.0,1,0.971217323686661,5.827303942119967,11.654607884239931,1
35,0,18.510274511347237,0,0.244862744326381,0.244862744326381,0.0,0.0,2.244862744326381,4.265411767020857,0.0,0.0,1,0.0,0.0,0.0,1
21,0,16.24061910270693,0,1.0,4.139071345939606,0.0,0.0,2.0,1.3796904486465351,0.0,0.0,0,0.3796904486465353,0.4746130608081691,1.8984522432326765,1
34,0,16.704079768099223,0,1.0,1.0,0.0,0.0,3.2959202319007765,2.2959202319007765,0.2959202319007764,0.2959202319007764,1,0.2959202319007764,0.414288324661087,4.14288324661087,1
20,0,17.21296416150891,1,1.0,2.5740716769821788,0.0,0.0,1.7870358384910894,1.0,0.0,0.0,1,0.0,0.0,0.0,1
28,0,15.27274295117354,0,0.1363714755867697,0.545485902347079,0.0,0.0,3.8636285244132305,4.454514097652921,0.0,0.0,1,0.0,0.0,0.0,1
37,0,15.029089331335763,0,1.0,15.898187340324826,0.0,0.0,3.970910668664236,2.0,0.0,0.0,1,0.0,0.0,0.0,1
21,0,16.3505875588066,0,0.649412441193403,0.3247062205967015,0.0,0.0,0.649412441193403,3.649412441193403,0.0,0.0,0,0.0,0.0,0.0,1
25,0,16.7697530605639,0,0.0,0.0,0.0,0.0,4.0,3.2302469394361006,0.5899176868546331,0.5899176868546331,1,0.0,0.0,0.0,1
17,0,15.392244045099732,1,0.0,0.0,0.0,0.0,1.0,1.6077559549002678,0.7844880901994646,0.0,1,0.3922440450997323,0.0196122022549866,0.7844880901994646,1
28,0,16.31242476607119,0,0.0,0.0,0.0,0.0,4.0,4.562525077976271,0.0,0.0,1,0.0,0.0,0.0,1
29,0,16.808317388987497,0,0.9041586944937484,3.6166347779749937,0.0,0.0,3.0958413055062515,1.3833652220250063,0.0,0.0,1,0.0,0.0,0.0,1
36,0,15.6965109340466,0,1.0,13.562211730836898,0.3482554670233003,2.089532802139802,3.651744532976699,2.0,0.0,0.0,1,0.0,0.0,0.0,1
19,0,18.513989489159812,0,1.0,0.6145078831301419,0.0,0.0,1.0,1.0,0.5139894891598108,0.0,0,0.0,0.0,0.0,1
28,0,14.567306025482289,0,0.0,0.0,0.0,0.0,3.783653012741143,4.350959038223429,0.2163469872588569,0.2163469872588569,1,0.2163469872588569,0.7139450579542279,4.759633719694854,1
29,0,13.79308556464254,0,0.0,0.0,0.0,0.0,3.39654278232127,3.1896283469638105,0.6034572176787298,0.6034572176787298,1,0.6034572176787298,1.9914088183398084,13.276058788932056,1
38,1,18.0,0,1.0,6.315345327221767,0.6220867002278735,1.244173400455747,2.8662601006836206,2.2441734004557468,0.755826599544253,0.0,1,0.0,0.0,0.0,1
37,0,15.55054516501302,0,1.0,15.587091126240235,0.0,0.0,3.862363708746745,2.137636291253255,0.0,0.0,1,0.1376362912532548,0.8258177475195287,1.6516354950390577,1
34,0,17.100958752684715,0,1.0,9.201917505369432,0.949520623657642,5.697123741945853,3.0,2.050479376342358,0.0,0.0,1,0.0504793763423578,0.3028762580541473,0.6057525161082946,1
33,0,18.85292651907096,0,0.0,0.0,0.0,0.0,2.294146961858076,4.852926519070962,0.0,0.0,1,0.0,0.0,0.0,1
24,1,17.440474249031034,0,1.0,0.1291862911417987,0.0,0.0,1.9265876251614944,2.853175250322989,0.1468247496770112,0.0,1,0.0,0.0,0.0,1
36,0,17.507883706920463,0,1.0,5.570953362284156,0.5078837069204618,1.0157674138409236,3.507883706920462,2.507883706920462,0.0,0.0,1,0.0,0.0,0.0,1
34,0,17.0,0,1.0,6.934044893608333,0.7417556117010417,4.45053367020625,3.0,2.0,0.0,0.0,1,0.0,0.0,0.0,1
35,0,17.54086424376174,0,1.0,1.97175908589348,0.0,0.0,1.9182715124765224,1.0,1.0817284875234774,0.0,1,0.0,0.0,0.0,1
24,0,17.019967424714523,1,0.980032575285477,0.0784026060228381,0.0,0.0,2.039934849429046,2.980032575285477,0.0199674247145229,0.0199674247145229,1,0.0,0.0,0.0,1
24,0,15.0,1,1.0,0.6600541229752226,0.0,0.0,1.5073819060071303,3.0,0.0,0.0,1,0.0,0.0,0.0,1
21,0,17.0,0,0.3287516102875082,0.082187902571877,0.0,0.0,1.328751610287508,3.0,1.3424967794249836,0.0,0,0.0,0.0,0.0,1
22,0,19.199594874099645,0,0.3665991456832742,0.2749493592624557,0.0,0.0,1.0,2.2668017086334515,2.0,0.0,1,0.0,0.0,0.0,1
26,0,15.0,0,0.7598543812218069,0.2507519458031963,0.0,0.0,2.4802912375563864,3.4802912375563864,0.0,0.0,1,0.0,0.0,0.0,1
34,0,18.848273343782672,0,0.0758633281086639,0.3034533124346557,0.0,0.0,2.075863328108664,4.696546687565345,0.0,0.0,1,0.0,0.0,0.0,1
21,0,15.257759443821298,0,1.0,5.613360834268052,0.0,0.0,2.0,1.8711202780893508,0.0,0.0,0,0.8711202780893508,1.0889003476116883,4.355601390446754,1
38,0,18.12804583895777,0,1.0,0.2717677926228213,0.1280458389577724,0.3841375168733173,1.1280458389577723,1.1280458389577723,2.0,0.0,1,0.0,0.0,0.0,1
18,0,16.30380538702459,1,0.1519026935122943,0.1519026935122943,0.0,0.0,1.0,1.0,1.6961946129754113,0.0,1,0.8480973064877056,0.0424048653243852,1.6961946129754113,1
21,0,16.72234565470118,1,1.0,2.7223456547011797,0.0,0.0,1.86117282735059,1.2776543452988205,0.0,0.0,1,0.0,0.0,0.0,1
18,0,16.28174948960643,0,0.6408747448032146,0.1602186862008036,0.0,0.0,1.6408747448032146,2.640874744803215,0.0,0.0,0,0.0,0.0,0.0,1
21,0,15.36376016879829,0,1.0,5.454359746802566,0.0,0.0,2.0,1.8181199156008552,0.0,0.0,0,0.8181199156008552,1.022649894501069,4.090599578004276,1
20,0,17.654332716676137,0,1.0,10.197659883437504,0.0,0.0,1.3456672833238632,1.0,0.0,0.0,0,0.0,0.0,0.0,1
17,0,15.896788409906012,1,0.0,0.0,0.0,0.0,1.0,1.1032115900939885,1.7935768198120237,0.0,1,0.8967884099060118,0.0448394204953006,1.7935768198120237,1
23,0,16.47396164026287,0,1.0,0.3009361110895936,0.0,0.0,1.4739616402628724,3.526038359737128,0.0,0.0,1,0.0,0.0,0.0,1
17,0,15.667557738521028,1,0.0,0.0,0.0,0.0,1.0,1.3324422614789728,1.3351154770420544,0.0,1,0.6675577385210272,0.0333778869260513,1.3351154770420544,1
17,0,15.34463974240326,0,0.1723198712016298,0.0430799678004074,0.0,0.0,1.1723198712016298,2.17231987120163,0.0,0.0,0,0.0,0.0,0.0,1
25,0,15.384578037617342,1,1.0,0.2819277452978323,0.0,0.0,2.0,3.0,0.0,0.0,1,0.0,0.0,0.0,1
38,0,15.08173723253296,0,1.0,16.163474465065917,0.0,0.0,3.959131383733521,2.0,0.0,0.0,1,0.0,0.0,0.0,1
21,0,17.831064936927834,1,1.0,13.155324684639178,0.0,0.0,1.1689350630721649,1.1689350630721649,0.0,0.0,1,0.0,0.0,0.0,1
26,0,16.44281932193608,0,1.0,8.164228982904124,0.0,0.0,2.0,2.0,0.0,0.0,1,0.2785903390319586,0.3482379237899483,1.3929516951597931,1
27,1,15.354020968553494,0,0.1770104842767468,0.0141608387421397,0.0,0.0,3.6459790314465064,4.645979031446506,0.0,0.0,1,0.0,0.0,0.0,1
37,0,17.911297466242946,0,1.0,9.467784797457666,0.9112974662429444,1.8225949324858888,3.911297466242945,2.822594932485889,0.0,0.0,1,0.0,0.0,0.0,1
34,0,17.0,1,1.0,1.3619076133018024,0.0,0.0,3.0,1.8793641288993992,0.0,0.0,1,0.0,0.0,0.0,1
20,1,16.07844246393455,0,1.0,0.5955840760245443,0.0,0.0,1.5392212319672742,3.0,0.0,0.0,0,0.0,0.0,0.0,1
27,0,15.619001155217378,0,0.0,0.0,0.0,0.0,4.0,4.3809988447826225,0.2063337184057925,0.2063337184057925,1,0.0,0.0,0.0,1
43,0,16.27146027790385,0,1.0,18.542920555807697,0.0,0.0,3.3642698610480757,2.0,0.0,0.0,1,0.0,0.0,0.0,1
32,0,17.993165458290285,0,1.0,10.986330916580572,0.0,0.0,2.496582729145143,2.496582729145143,0.0,0.0,1,0.4965827291451431,2.979496374870859,5.958992749741718,1
21,0,16.38078965725873,0,0.3096051713706347,0.3096051713706347,0.0,0.0,0.3096051713706347,3.0,0.0,0.0,0,0.0,0.0,0.0,1
20,0,17.960687860158902,0,0.0393121398410989,0.0098280349602747,0.9606878601589012,2.882063580476703,2.960687860158901,2.039312139841099,0.0,0.0,0,0.0,0.0,0.0,1
22,0,13.799410398909044,0,0.7994103989090426,0.3997051994545213,0.0,0.0,3.799410398909042,2.0,0.2005896010909573,0.2005896010909573,0,1.0,3.0601768803272873,6.81120242072819,1
19,0,16.255800778981815,0,1.0,0.3727928714680004,0.0,0.0,2.372099610509092,2.627900389490908,0.0,0.0,0,0.0,0.0,0.0,1
26,0,15.245277095846616,0,0.918240968051128,0.3030195194568723,0.0,0.0,2.163518063897744,3.081759031948872,0.0,0.0,1,0.0,0.0,0.0,1
25,0,17.252842751786446,1,1.0,0.1229832678036957,0.1264213758932227,0.3792641276796682,2.0,2.873578624106777,0.2528427517864455,0.0,1,0.0,0.0,0.0,1
22,0,17.47476559680912,0,0.0791275994681868,0.0593456996011401,0.0,0.0,1.0,2.8417448010636264,2.0,0.0,1,0.0,0.0,0.0,1
22,0,16.061077959854863,0,1.0,0.4743472568609572,0.0,0.0,1.0610779598548636,3.938922040145136,0.0,0.0,1,0.0,0.0,0.0,1
34,0,16.83063294444161,0,1.0,4.322531777766445,0.0,0.0,3.723122351852796,3.0,0.7231223518527963,0.7231223518527963,1,1.0,2.6736371814771367,13.446244703705592,1
28,0,20.131785922276325,0,0.1937987202069386,0.0968993601034693,0.0,0.0,3.612402559586122,3.418603839379184,0.0,0.0,1,0.0,0.0,0.0,1
34,0,16.74825969038366,0,1.0,1.0,0.0,0.0,3.2517403096163418,2.2517403096163418,0.2517403096163416,0.2517403096163416,1,0.2517403096163416,0.3524364334628782,3.5243643346287836,1
20,0,17.184521019356378,1,1.0,2.630957961287246,0.0,0.0,1.815478980643623,1.0,0.0,0.0,1,0.0,0.0,0.0,1
27,0,15.628047970010131,0,0.0,0.0,0.0,0.0,4.0,4.371952029989869,0.2093493233367103,0.2093493233367103,1,0.0,0.0,0.0,1
23,1,16.259055794417236,1,1.0,0.4208343345680714,0.0,0.0,1.629527897208618,3.0,0.0,0.0,1,0.0,0.0,0.0,1
23,0,17.0,1,0.4845229851910213,0.0387618388152817,0.0,0.0,1.484522985191021,3.0,1.0309540296179571,0.0,1,0.0,0.0,0.0,1
38,0,16.145235685409112,0,1.0,13.709528629181776,0.381745228469704,0.7634904569394081,4.0,2.381745228469704,0.0,0.0,1,0.0,0.0,0.0,1
29,0,13.737827279139545,0,0.0,0.0,0.0,0.0,3.3689136395697723,3.1067409187093173,0.6310863604302276,0.6310863604302276,1,0.6310863604302276,2.0825849894197512,13.883899929465008,1
28,0,18.074930567733706,1,1.0,2.0758742837566695,0.5374652838668521,1.6123958516005563,2.462534716133148,1.537465283866852,1.0749305677337042,0.0,1,0.0,0.0,0.0,1
27,0,17.24241281440127,0,0.2525290618662434,0.0833345904158603,0.0,0.0,3.494941876267513,3.747470938133756,0.0,0.0,1,0.0,0.0,0.0,1
17,0,15.0366832028906,1,0.0,0.0,0.0,0.0,1.0,1.963316797109402,0.0733664057811958,0.0,1,0.0366832028905979,0.0018341601445298,0.0733664057811958,1
24,1,16.495126111311958,1,1.0,0.3122419887964991,0.0,0.0,1.7475630556559794,3.0,0.0,0.0,1,0.0,0.0,0.0,1
19,0,14.713349585884552,0,1.0,0.5570679668707642,0.0,0.0,3.2866504141154476,2.0,0.0,0.0,0,0.2866504141154475,0.8599512423463427,0.8599512423463427,1
19,0,16.7904136753744,0,0.8952068376871993,0.2238017094217998,0.0,0.0,1.895206837687199,2.8952068376871996,0.0,0.0,0,0.0,0.0,0.0,1
19,0,18.0,1,0.5116774421156661,0.5116774421156661,0.4883225578843339,1.4649676736530015,1.9766451157686675,1.488322557884334,0.0,0.0,1,0.0,0.0,0.0,1
32,0,16.06422697053063,0,1.0,12.27520560314279,0.0,0.0,2.9357730294693685,2.0,0.0,0.0,1,0.0,0.0,0.0,1
23,0,18.0,1,0.0,0.0,0.107172011339776,0.3215160340193281,3.892827988660224,2.0,0.892827988660224,0.892827988660224,1,0.0,0.0,0.0,1
23,0,17.552587633176547,1,1.0,11.762938165882726,0.0,0.0,1.4474123668234546,1.4474123668234546,0.0,0.0,1,0.0,0.0,0.0,1
19,0,18.0,1,0.5326172664550232,0.5326172664550232,0.4673827335449768,1.4021482006349304,1.9347654670899537,1.467382733544977,0.0,0.0,1,0.0,0.0,0.0,1
24,0,17.75752949636527,1,0.2424705036347296,0.0193976402907783,0.0,0.0,3.5150589927305407,2.2424705036347294,0.7575294963652703,0.7575294963652703,1,0.0,0.0,0.0,1
20,0,17.538486461898763,0,0.2692432309493809,0.0673108077373452,0.0,0.0,0.2692432309493809,2.4615135381012383,0.2692432309493809,0.0,0,0.0,0.0,0.0,1
33,0,16.377284163104623,0,1.0,1.0,0.0,0.0,3.622715836895378,2.622715836895378,0.6227158368953774,0.6227158368953774,1,0.6227158368953774,0.8718021716535282,8.718021716535283,1
20,0,17.979928802222275,0,1.0,13.77921682444501,0.0,0.0,1.0200711977777264,1.0,0.0,0.0,0,0.0,0.0,0.0,1
28,0,17.0,1,1.0,7.389604172084109,0.0,0.0,2.3220791655831783,1.6779208344168215,0.0,0.0,1,0.0,0.0,0.0,1
20,1,16.57710398600691,0,1.0,0.4085860052474085,0.0,0.0,1.7885519930034557,3.0,0.0,0.0,0,0.0,0.0,0.0,1
32,0,17.327497352177915,0,0.6725026478220854,0.6725026478220854,0.0,0.0,3.3274973521779145,2.654994704355829,0.0,0.0,1,0.0,0.0,0.0,1
33,0,16.359286395457755,0,1.0,2.4371455818310146,0.0,0.0,3.880237868180749,3.0,0.8802378681807488,0.8802378681807488,1,1.0,1.9509058063685556,13.760475736361498,1
27,0,17.671581842219684,0,0.109472719260105,0.0361259973558346,0.0,0.0,3.78105456147979,3.890527280739895,0.0,0.0,1,0.0,0.0,0.0,1
21,0,17.40640754644595,1,0.5935924535540487,1.780777360662146,0.4064075464459513,1.219222639337854,2.4064075464459513,1.4064075464459511,0.0,0.0,1,0.0,0.0,0.0,1
18,0,17.358204638288978,1,0.6791023191444896,0.6791023191444896,0.0,0.0,1.0,1.0,0.6417953617110208,0.0,1,0.3208976808555104,0.0160448840427755,0.6417953617110208,1
18,0,15.0,1,0.7891712386073383,0.4577193183922561,0.0,0.0,2.578342477214677,2.0,0.0,0.0,1,0.0,0.0,0.0,1
26,1,15.996884397858114,0,0.4984421989290573,0.0398753759143245,0.0,0.0,3.0031156021418854,4.003115602141886,0.0,0.0,1,0.0,0.0,0.0,1
29,0,17.173840576174847,1,1.0,3.688825368647023,0.0869202880874236,0.2607608642622711,2.913079711912576,1.0869202880874238,0.1738405761748473,0.0,1,0.0,0.0,0.0,1
32,0,17.0,1,1.0,2.6113196254556432,0.0,0.0,3.0,1.462893458181452,0.0,0.0,1,0.0,0.0,0.0,1
32,0,16.17368223604176,0,1.0,11.892112173853846,0.0,0.0,2.826317763958242,2.0,0.0,0.0,1,0.0,0.0,0.0,1
20,0,17.25456052581567,1,1.0,5.8001657839723695,0.0,0.0,1.74543947418433,1.0,0.0,0.0,1,0.0,0.0,0.0,1
22,0,15.0,0,1.0,3.841702268851603,0.0,0.0,1.5683404537703205,2.4316595462296795,0.0,0.0,1,0.5683404537703206,0.7104255672129007,2.841702268851603,1
27,0,16.74483939440887,1,1.0,7.893878774762462,0.0,0.0,2.0,2.127580302795564,0.0,0.0,1,0.0,0.0,0.0,1
22,0,17.716224094201277,1,1.0,12.581120471006376,0.0,0.0,1.2837759057987244,1.2837759057987244,0.0,0.0,1,0.0,0.0,0.0,1
39,1,18.0,0,1.0,3.790052389886692,0.3630822963986351,0.7261645927972702,2.0892468891959055,1.7261645927972702,1.2738354072027298,0.0,1,0.0,0.0,0.0,1
19,0,17.645917241331603,0,1.0,1.7081655173367976,0.0,0.0,1.3540827586683988,1.0,0.0,0.0,0,0.0,0.0,0.0,1
24,0,20.14610847665544,0,0.4292216953310881,0.3219162714983161,0.0,0.0,2.712334914006735,1.570778304668912,1.429221695331088,0.5707783046689119,1,0.0,0.0,0.0,1
35,0,17.356096725897846,0,1.0,9.356096725897846,1.0,4.575613096408615,3.3560967258978462,2.3560967258978462,0.0,0.0,1,0.0,0.0,0.0,1
22,1,15.02696950241404,1,1.0,0.9875940288895412,0.0,0.0,1.0134847512070202,3.0,0.0,0.0,1,0.0,0.0,0.0,1
18,0,16.211549638713773,0,0.6057748193568872,0.1514437048392218,0.0,0.0,1.605774819356887,2.605774819356887,0.0,0.0,0,0.0,0.0,0.0,1
27,1,15.47445358347199,0,0.2372267917359944,0.0189781433388795,0.0,0.0,3.525546416528011,4.525546416528011,0.0,0.0,1,0.0,0.0,0.0,1
22,0,16.898217527379597,0,0.1017824726204037,0.0508912363102018,0.0,0.0,1.0,3.1017824726204037,1.7964350547591923,0.0,1,0.0,0.0,0.0,1
19,0,14.152859139184333,0,0.847140860815668,0.423570430407834,0.0,0.0,3.541422582447004,2.0,0.0,0.0,0,0.847140860815668,2.541422582447004,2.541422582447004,1
24,1,21.52425362969295,0,1.0,0.5852083219823796,0.0,0.0,1.245957728384508,1.4919154567690165,1.5080845432309835,0.0,1,0.0,0.0,0.0,1
27,1,15.321362746519112,0,0.1606813732595556,0.0128545098607644,0.0,0.0,3.678637253480889,4.678637253480889,0.0,0.0,1,0.0,0.0,0.0,1
20,0,17.186567024051307,0,1.0,2.6268659518973885,0.0,0.0,1.8134329759486945,1.0,0.0,0.0,0,0.0,0.0,0.0,1
22,0,15.285095168693848,0,1.0,0.8574524156530765,0.0,0.0,1.0,3.285095168693847,0.0,0.0,1,0.0,0.0,0.0,1
21,0,15.34674719058951,0,1.0,5.479879214115735,0.0,0.0,2.0,1.8266264047052452,0.0,0.0,0,0.8266264047052452,1.0332830058815563,4.133132023526226,1
30,0,16.896765424626427,0,1.0,3.690296273879276,0.0,0.0,3.103234575373575,1.2064691507471497,0.1032345753735748,0.1032345753735748,1,0.1032345753735748,0.1445284055230047,1.4452840552300472,1
24,0,17.759298763015074,1,0.0802337456616422,0.0264771360683419,0.0,0.0,3.839532508676715,2.0802337456616424,0.9197662543383578,0.9197662543383578,1,0.0,0.0,0.0,1
30,0,17.0,0,1.0,9.0,0.4754886104297453,2.852931662578472,2.4754886104297453,2.0,0.0,0.0,1,0.0,0.0,0.0,1
26,0,13.820793653979322,0,0.4103968269896615,2.462380961937969,0.0,0.0,2.5896031730103384,2.0,0.5896031730103385,0.5896031730103385,1,1.0,2.458686504671194,15.023253941175756,1
35,0,17.017621383091395,0,1.0,1.1585924478225422,0.0176213830913936,0.0352427661827872,3.0176213830913934,2.0176213830913934,0.0,0.0,1,0.0,0.0,0.0,1
29,0,16.775922195663895,1,1.0,3.588817229043248,0.0,0.0,2.8879610978319477,1.2240778043361047,0.0,0.0,1,0.0,0.0,0.0,1
38,0,16.193566797137226,0,1.0,13.612866405725551,0.3978555990457416,0.7957111980914833,4.0,2.3978555990457417,0.0,0.0,1,0.0,0.0,0.0,1
33,0,16.091588700173894,0,1.0,1.3663548006955732,0.0,0.0,3.9694704332753687,3.0,0.9694704332753687,0.9694704332753687,1,1.0,1.5404360069333034,13.938940866550736,1
24,0,18.13449287410602,1,0.1344928741060197,0.0564870071245283,0.1344928741060197,0.4034786223180591,3.73101425178796,2.0,1.1344928741060198,0.8655071258939803,1,0.0,0.0,0.0,1
25,0,17.18292792905072,0,0.8170720709492799,0.0653657656759423,0.0,0.0,2.3658558581014404,3.18292792905072,0.0,0.0,1,0.0,0.0,0.0,1
27,0,17.74209717295506,0,0.2579028270449398,0.0206322261635951,0.0,0.0,3.484194345910121,3.74209717295506,0.0,0.0,1,0.0,0.0,0.0,1
34,0,17.170887587390066,0,1.0,9.170887587390066,1.0,5.316449650439736,3.170887587390066,2.170887587390066,0.0,0.0,1,0.0,0.0,0.0,1
28,0,18.66864321992443,0,0.668643219924431,0.280830152368261,0.668643219924431,2.005929659773293,2.662713560151138,2.662713560151138,1.337286439848862,0.0,1,0.0,0.0,0.0,1
27,0,15.0,0,0.0706240108724142,0.0233059235878966,0.0,0.0,3.858751978255172,4.858751978255172,0.0,0.0,1,0.0,0.0,0.0,1
26,0,16.32971132095821,0,0.5567628930139298,0.1837317546945968,0.0,0.0,2.88647421397214,3.44323710698607,0.0,0.0,1,0.0,0.0,0.0,1
31,0,14.2851619315903,0,0.4283873105301001,0.4283873105301001,0.0,0.0,3.4283873105301,2.4283873105301,1.0,1.0,1,1.0,2.48606410999281,18.5729015157592,1
45,0,15.880083625358864,1,0.0,0.0,0.7200209063397158,5.040146344378011,5.160062719019147,2.720020906339716,0.2799790936602842,0.2799790936602842,1,1.0,3.3720020906339716,30.64025087607659,1
22,1,15.461014133616128,1,1.0,0.7879334985365819,0.0,0.0,1.230507066808063,3.0,0.0,0.0,1,0.0,0.0,0.0,1
17,0,15.187043748557524,1,0.0,0.0,0.0,0.0,1.0,1.8129562514424769,0.3740874971150467,0.0,1,0.1870437485575233,0.0093521874278761,0.3740874971150467,1
20,0,17.0,0,1.0,2.10988209988833,0.0,0.0,2.0,1.6473584728084874,0.0,0.0,0,0.0,0.0,0.0,1
21,0,16.149127122767165,0,1.0,2.149127122767166,0.0,0.0,1.574563561383583,1.8508728772328336,0.0,0.0,0,0.0,0.0,0.0,1
23,0,16.492389621315546,0,1.0,0.2931963590474711,0.0,0.0,1.492389621315545,3.507610378684455,0.0,0.0,1,0.0,0.0,0.0,1
48,0,18.75759026758492,0,0.2424097324150802,2.4240973241508024,1.0,8.818312408264278,4.75759026758492,2.24240973241508,0.0,0.0,1,0.0,0.0,0.0,1
19,0,18.114836824739204,0,1.0,0.9138723814455972,0.0,0.0,1.0,1.0,0.1148368247392035,0.0,0,0.0,0.0,0.0,1
25,0,14.221240084883265,0,0.6106200424416326,3.663720254649795,0.0,0.0,2.3893799575583676,2.0,0.3893799575583674,0.3893799575583674,1,1.0,2.048228912994653,11.619459278492243,1
25,0,16.422738893519487,1,1.0,0.1521576383100639,0.0,0.0,2.0,3.0,0.0,0.0,1,0.0,0.0,0.0,1
22,0,17.418761778577387,1,0.0,0.0,0.0,0.0,2.256285335732163,2.581238221422612,1.5812382214226122,0.4187617785773877,1,0.0,0.0,0.0,1
28,0,18.845637284725797,0,0.8456372847257977,0.355167659584835,0.8456372847257977,2.536911854177393,2.308725430548405,2.308725430548405,1.6912745694515954,0.0,1,0.0,0.0,0.0,1
26,0,16.44342030556445,0,0.5188598981451825,0.1712237663879102,0.0,0.0,2.9622802037096347,3.481140101854818,0.0,0.0,1,0.0,0.0,0.0,1
32,0,17.93482113489683,0,0.5325894325515859,2.130357730206343,0.0,0.0,2.532589432551586,2.869642269793657,0.0,0.0,1,0.0,0.0,0.0,1
38,0,17.84452938953272,0,1.0,10.31094122093456,0.9481764631775732,1.8963529263551464,4.0,2.948176463177573,0.0,0.0,1,0.0,0.0,0.0,1
34,0,17.0,0,1.0,6.307165774448635,0.6633957218060794,3.9803743308364767,3.0,2.0,0.0,0.0,1,0.0,0.0,0.0,1
18,0,16.268829353877948,1,0.1344146769389742,0.1344146769389742,0.0,0.0,1.0,1.0,1.7311706461220515,0.0,1,0.8655853230610258,0.0432792661530512,1.7311706461220515,1
25,0,16.873250059054463,1,1.0,0.0958437426181919,0.0,0.0,2.0,3.0,0.0,0.0,1,0.0,0.0,0.0,1
37,0,18.010039767610056,0,1.0,10.030119302830164,0.9899602323899452,1.9799204647798905,3.9899602323899455,3.0,0.0,0.0,1,0.0100397676100547,0.060238605660329,0.120477211320658,1
19,0,16.322353844974725,1,0.0,0.0,0.0,0.0,1.0,1.644707689949446,2.0,0.0,1,0.677646155025277,0.0338823077512638,1.355292310050554,1
27,0,17.429623337563903,0,0.1901255541453651,0.0627414328679705,0.0,0.0,3.6197488917092695,3.809874445854635,0.0,0.0,1,0.0,0.0,0.0,1
21,0,14.745359345236237,0,1.0,4.599476398799299,0.0,0.0,2.5092813095275277,2.0,0.0,0.0,0,1.0,1.6956211458365869,4.490718690472472,1
24,0,17.31849727777607,1,0.6815027222239293,0.0545202177779143,0.0,0.0,2.6369945555521417,2.681502722223929,0.3184972777760707,0.3184972777760707,1,0.0,0.0,0.0,1
28,0,14.520455719779374,0,0.0,0.0,0.0,0.0,3.7602278598896866,4.280683579669059,0.2397721401103134,0.2397721401103134,1,0.2397721401103134,0.7912480623640343,5.274987082426897,1
24,0,17.404361259392157,1,1.0,11.02180629696078,0.0,0.0,1.5956387406078445,1.5956387406078445,0.0,0.0,1,0.0,0.0,0.0,1
37,0,18.47157618855016,0,0.5284238114498416,0.1321059528624604,0.0,0.0,1.4715761885501584,2.8863047542006335,1.0568476228996833,0.0,1,0.0,0.0,0.0,1
26,1,15.823681828294538,0,0.4118409141472685,0.0329472731317814,0.0,0.0,3.176318171705463,4.1763181717054625,0.0,0.0,1,0.0,0.0,0.0,1
46,0,18.30226346691401,0,0.3488682665429953,0.3488682665429953,0.6511317334570047,7.162449068027051,4.30226346691401,2.0,0.0,0.0,1,0.0,0.0,0.0,1
37,0,15.140941711504349,0,1.0,15.50670400973478,0.0704708557521741,0.4228251345130447,3.9295291442478257,2.0,0.0,0.0,1,0.0,0.0,0.0,1
29,0,16.66123881557546,0,1.0,10.185664145485896,0.0,0.0,2.3387611844245417,2.0,0.0,0.0,1,0.0,0.0,0.0,1
28,0,19.349730893334872,0,1.0,0.422797847146679,0.9650269106665126,2.8950807319995375,2.0,1.9650269106665128,1.9300538213330252,0.0,1,0.0,0.0,0.0,1
39,0,18.124297223485545,0,0.8757027765144553,0.2189256941286138,0.0,0.0,1.1242972234855446,1.497188893942179,1.7514055530289103,0.0,1,0.0,0.0,0.0,1
21,1,15.538265049592711,0,1.0,0.7981506064027332,0.0,0.0,1.2691325247963556,3.0,0.0,0.0,0,0.0,0.0,0.0,1
20,0,17.061659543178962,0,1.0,2.8766809136420757,0.0,0.0,1.9383404568210376,1.0,0.0,0.0,0,0.0,0.0,0.0,1
34,0,17.0,0,1.0,7.550135470674719,0.8187669338343398,4.912601603006039,3.0,2.0,0.0,0.0,1,0.0,0.0,0.0,1
33,0,16.199488802100333,0,0.9335037326332224,0.9335037326332224,0.0,0.0,3.867007465266445,3.132992534733555,0.9335037326332224,0.9335037326332224,1,0.9335037326332224,1.3069052256865117,13.069052256865117,1
20,0,17.0,0,1.0,0.9619182144523376,0.0,0.0,2.0,2.482241298580118,0.0,0.0,0,0.0,0.0,0.0,1
20,0,17.425526886820087,0,0.4255268868200881,0.4255268868200881,0.0,0.0,0.4255268868200881,2.148946226359824,0.0,0.0,0,0.0,0.0,0.0,1
22,0,15.158171223241728,0,1.0,0.920914388379136,0.0,0.0,1.0,3.158171223241728,0.0,0.0,1,0.0,0.0,0.0,1
20,0,17.86022762337371,0,0.1397723766262895,0.0349430941565723,0.8602276233737105,2.5806828701211315,2.8602276233737105,2.1397723766262895,0.0,0.0,0,0.0,0.0,0.0,1
26,0,15.0,0,0.7952673118598902,0.2624382129137638,0.0,0.0,2.4094653762802194,3.4094653762802194,0.0,0.0,1,0.0,0.0,0.0,1
21,0,18.0,1,0.0,0.0,0.7983726799522555,2.3951180398567664,3.2016273200477445,2.0,0.2016273200477445,0.2016273200477445,1,0.0,0.0,0.0,1
28,0,15.327311885731408,0,0.1636559428657045,0.654623771462818,0.0,0.0,3.836344057134295,4.345376228537182,0.0,0.0,1,0.0,0.0,0.0,1
49,0,18.83573420206901,0,0.1642657979309929,1.6426579793099294,1.0,9.521607818621064,4.835734202069007,2.1642657979309927,0.0,0.0,1,0.0,0.0,0.0,1
21,1,15.370850559537235,0,1.0,0.8609310401735366,0.0,0.0,1.185425279768618,3.0,0.0,0.0,0,0.0,0.0,0.0,1
25,0,17.3348027793038,1,1.0,10.674013896519,0.0,0.0,1.6651972206962,1.6651972206962,0.0,0.0,1,0.0,0.0,0.0,1
21,0,17.0,0,0.0,0.0,0.0,0.0,0.4769345752308807,3.0,0.9538691504617614,0.0,0,0.0,0.0,0.0,1
20,0,15.0,1,1.0,0.730708803331871,0.0,0.0,2.2823390317529952,2.3588304841235024,0.0,0.0,1,0.0,0.0,0.0,1
22,0,15.877200540813108,0,1.0,0.5613997295934459,0.0,0.0,1.0,3.877200540813108,0.0,0.0,1,0.0,0.0,0.0,1
34,0,17.607554892577365,0,1.0,7.645329355464188,0.6075548925773646,1.2151097851547292,3.607554892577365,2.2151097851547292,0.0,0.0,1,0.0,0.0,0.0,1
22,0,17.0,1,1.0,4.100403363170537,0.0,0.0,2.0,1.183400560528423,0.0,0.0,1,0.0,0.0,0.0,1
28,0,16.682595274289344,0,0.0,0.0,0.0,0.0,4.0,4.439134908570218,0.0,0.0,1,0.0,0.0,0.0,1
26,0,16.130833288274722,0,0.6230555705750924,0.2056083382897805,0.0,0.0,2.753888858849815,3.3769444294249076,0.0,0.0,1,0.0,0.0,0.0,1
26,0,17.462679785669607,0,0.5373202143303936,0.0429856171464314,0.0,0.0,2.9253595713392126,3.4626797856696063,0.0,0.0,1,0.0,0.0,0.0,1
21,0,17.698622125835858,1,0.3013778741641421,0.9041336224924262,0.6986221258358579,2.0958663775075737,2.698622125835858,1.698622125835858,0.0,0.0,1,0.0,0.0,0.0,1
19,0,18.0,1,0.7476093801762511,0.7476093801762511,0.2523906198237489,0.7571718594712467,1.5047812396474978,1.2523906198237489,0.0,0.0,1,0.0,0.0,0.0,1
40,0,17.0,0,1.0,14.47007570898273,0.5027203900924792,3.0163223405548747,3.0,2.0,0.0,0.0,1,0.0,0.0,0.0,1
31,0,26.44566035338501,0,0.7677873048531827,0.3838936524265913,0.0,0.0,2.4644253902936346,1.696638085440452,0.0,0.0,1,0.0,0.0,0.0,1
17,0,14.899574573274569,0,0.1004254267254315,0.0502127133627157,0.0,0.0,1.3012762801762947,2.0,0.0,0.0,0,0.1004254267254315,0.3012762801762947,0.3012762801762947,1
29,1,26.69665267176073,0,1.0,0.5959728053433029,0.0,0.0,1.6161087786267885,1.0,0.7677824427464228,0.0,1,0.0,0.0,0.0,1
35,0,17.456447138886013,0,1.0,9.456447138886013,1.0,4.174211444455954,3.4564471388860114,2.4564471388860114,0.0,0.0,1,0.0,0.0,0.0,1
20,0,17.093527889035453,1,1.0,2.8129442219290937,0.0,0.0,1.9064721109645468,1.0,0.0,0.0,1,0.0,0.0,0.0,1
40,0,17.751524008172016,0,0.6242379959139921,5.618141963225929,1.0,7.87881002043004,3.751524008172016,2.0,0.0,0.0,1,0.0,0.0,0.0,1
49,0,17.116898040708364,0,0.116898040708364,0.029224510177091,0.8831019592916359,6.181713715041451,5.4155097964581795,2.7662039185832716,0.2337960814167281,0.0,1,0.8831019592916359,3.002546661591562,30.025466615915622,1
24,0,18.06016787638653,1,0.0601678763865248,0.0252705080823404,0.0601678763865248,0.1805036291595745,3.87966424722695,2.0,1.060167876386525,0.9398321236134752,1,0.0,0.0,0.0,1
22,0,19.233751681571498,0,0.3722919469285821,0.2792189601964366,0.0,0.0,1.0,2.2554161061428357,2.0,0.0,1,0.0,0.0,0.0,1
24,0,21.32547192671457,0,0.6650943853429139,0.4988207890071854,0.0,0.0,2.0047168439712584,1.334905614657086,1.665094385342914,0.3349056146570861,1,0.0,0.0,0.0,1
32,0,16.13927207266339,0,1.0,1.4178162179901617,0.0,0.0,3.8607279273366126,2.7214558546732253,0.8607279273366127,0.8607279273366127,1,0.8607279273366127,1.205019098271258,12.05019098271258,1
27,0,19.823899242918817,0,1.0,0.4879716875408023,0.794025189270296,2.382075567810888,1.794025189270296,1.794025189270296,2.0,0.0,1,0.0,0.0,0.0,1
18,0,15.379927244071489,1,0.6200727559285135,0.3596421984385378,0.0,0.0,2.240145511857027,1.6200727559285135,0.759854488142973,0.0,1,0.3799272440714865,0.0189963622035743,0.759854488142973,1
23,0,15.0,1,1.0,0.6874189316241355,0.0,0.0,1.4665389080236784,3.0,0.0,0.0,1,0.0,0.0,0.0,1
35,0,17.106107416949044,0,1.0,0.9204194372882182,0.0,0.0,2.7877851661019153,1.8938925830509576,0.2122148338980847,0.0,1,0.0,0.0,0.0,1
20,0,17.0,0,1.0,0.8313576691325406,0.0,0.0,2.0,2.5771944224490615,0.0,0.0,0,0.0,0.0,0.0,1
22,0,15.84832512026725,0,1.0,0.5758374398663756,0.0,0.0,1.0,3.8483251202672486,0.0,0.0,1,0.0,0.0,0.0,1
38,0,15.935166203386643,0,1.0,14.12966759322671,0.3117220677955482,0.6234441355910965,4.0,2.3117220677955483,0.0,0.0,1,0.0,0.0,0.0,1
21,0,17.751510860185533,1,0.2484891398144657,0.7454674194433972,0.7515108601855343,2.254532580556603,2.751510860185534,1.7515108601855345,0.0,0.0,1,0.0,0.0,0.0,1
21,0,16.487892585145353,0,1.0,3.768161122281969,0.0,0.0,2.0,1.256053707427323,0.0,0.0,1,0.256053707427323,0.3200671342841538,1.2802685371366151,1
50,0,17.067064869471558,0,0.0335324347357793,0.4359216515651319,0.9664675652642206,6.765272956849544,5.899402695792662,3.0,0.0,0.0,1,1.0,3.4871843303130263,33.262286435812854,1
22,0,15.569889684871317,0,1.0,2.865606733207759,0.0,0.0,1.4301103151286836,3.139779369742633,0.0,0.0,1,0.4301103151286835,0.5376378939108544,2.1505515756434175,1
29,0,15.950165257037238,0,0.0,0.0,0.0,0.0,3.524917371481381,5.0,0.0,0.0,1,0.0,0.0,0.0,1
20,0,16.7535312735235,0,0.0,0.0,0.0,0.0,0.1232343632382505,2.8767656367617493,0.0,0.0,0,0.0,0.0,0.0,1
31,0,25.579182512840926,0,1.0,0.4726334601027274,0.3420817487159074,1.0262452461477225,2.0,1.3420817487159074,0.6841634974318149,0.0,1,0.0,0.0,0.0,1
28,0,20.78742695327987,0,1.0,0.4342994156262389,0.8212573046720129,2.4637719140160383,2.0,1.8212573046720129,1.6425146093440255,0.0,1,0.0,0.0,0.0,1
22,0,15.889368263044792,0,1.0,0.5553158684776036,0.0,0.0,1.0,3.8893682630447928,0.0,0.0,1,0.0,0.0,0.0,1
22,0,16.15354770826548,0,1.0,0.4355099625284976,0.0,0.0,1.153547708265482,3.846452291734518,0.0,0.0,1,0.0,0.0,0.0,1
22,1,15.254977324663964,1,1.0,0.8827104306545762,0.0,0.0,1.1274886623319824,3.0,0.0,0.0,1,0.0,0.0,0.0,1
25,0,17.0,1,1.0,6.616276256637796,0.0,0.0,2.0,1.6027127094396327,0.0,0.0,1,0.0,0.0,0.0,1
30,0,18.79729536577955,0,1.0,0.3855402121825241,0.7972953657795536,2.391886097338661,1.7972953657795536,1.7972953657795536,2.0,0.0,1,0.0,0.0,0.0,1
45,1,17.149917427348775,0,1.0,17.039130809861717,0.0,0.0,2.7001651453024524,1.8500825726512264,0.2998348546975475,0.0,1,0.0,0.0,0.0,1
35,0,15.458502790465284,0,1.0,14.39524023337151,0.0,0.0,3.5414972095347172,2.0,0.0,0.0,1,0.0,0.0,0.0,1
20,0,14.277747431606931,0,1.0,2.0276108738381353,0.0,0.0,3.444505136786133,2.0,0.0,0.0,0,1.0,2.5139419946878663,3.555494863213867,1
20,0,17.0,0,0.2799634634539256,0.0699908658634814,0.0,0.0,0.5599269269078513,3.0,0.0,0.0,0,0.0,0.0,0.0,1
25,0,18.358852367114704,1,0.3588523671147027,0.1507179941881751,0.3588523671147027,1.076557101344108,3.2822952657705944,2.0,1.3588523671147028,0.6411476328852973,1,0.0,0.0,0.0,1
35,0,16.3878968889342,0,1.0,11.1423608887303,0.6939484444671,4.1636906668026,3.3060515555329,2.0,0.0,0.0,1,0.0,0.0,0.0,1
30,0,23.030031123176443,0,0.4572755566524038,0.2286377783262019,0.0,0.0,3.0854488866951923,2.6281733300427885,0.0,0.0,1,0.0,0.0,0.0,1
31,0,17.0,1,1.0,3.2446028232791417,0.0,0.0,3.0,1.2517990589069528,0.0,0.0,1,0.0,0.0,0.0,1
20,0,16.30860801299216,1,1.0,2.163415695720515,0.0,0.0,2.345695993503919,1.3456959935039194,0.0,0.0,1,0.0,0.0,0.0,1
19,0,16.63680456639715,0,1.0,0.3099272465444704,0.0,0.0,2.181597716801426,2.818402283198574,0.0,0.0,0,0.0,0.0,0.0,1
28,0,18.091549438666373,0,0.0915494386663716,0.038450764239876,0.0915494386663716,0.2746483159991149,3.816901122667257,3.816901122667257,0.1830988773327433,0.0,1,0.0,0.0,0.0,1
27,0,15.83321641046776,1,1.0,1.8589521132083375,0.0,0.0,2.41660820523388,2.166783589532241,0.0,0.0,1,0.0,0.0,0.0,1
24,0,17.59914858323636,1,0.4008514167636399,0.0320681133410911,0.0,0.0,3.19829716647272,2.40085141676364,0.5991485832363601,0.5991485832363601,1,0.0,0.0,0.0,1
18,0,17.386017410932396,0,0.4620058036441327,0.1155014509110331,0.0,0.0,1.0,1.0,1.5379941963558674,0.0,0,0.5379941963558673,0.0268997098177933,1.0759883927117346,1
24,0,17.947283339611815,1,0.0527166603881846,0.0042173328310547,0.0,0.0,3.8945666792236304,2.052716660388185,0.9472833396118152,0.9472833396118152,1,0.0,0.0,0.0,1
26,0,15.46005420934824,0,0.8466485968839198,0.2793940369716935,0.0,0.0,2.3067028062321606,3.1533514031160803,0.0,0.0,1,0.0,0.0,0.0,1
37,0,17.34491932806719,0,1.0,14.241310503949608,0.0,0.0,3.413770167983203,2.586229832016797,0.0,0.0,1,0.5862298320167972,3.5173789921007836,7.034757984201567,1
24,0,15.988222642231069,0,1.0,7.482333963346602,0.0,0.0,2.0,2.0,0.0,0.0,1,0.505888678884466,0.6323608486055825,2.52944339442233,1
43,0,16.222908470869296,0,1.0,18.44581694173859,0.0,0.0,3.388545764565352,2.0,0.0,0.0,1,0.0,0.0,0.0,1
23,0,22.891338897074956,0,0.9818898161791596,0.7364173621343696,0.0,0.0,1.0,1.036220367641681,2.0,0.0,1,0.0,0.0,0.0,1
35,0,17.0,0,1.0,10.406637001614332,0.8721239089441515,5.232743453664909,3.0,2.0,0.0,0.0,1,0.0,0.0,0.0,1
34,0,18.796354847450836,0,0.0678817175163876,0.0678817175163876,0.0,0.0,2.135763435032775,4.864236564967225,0.0678817175163876,0.0678817175163876,1,0.0678817175163876,0.0950344045229425,0.9503440452294268,1
32,0,17.869733632821582,0,0.5651331835892089,2.260532734356836,0.0,0.0,2.565133183589209,2.739467265643164,0.0,0.0,1,0.0,0.0,0.0,1
28,0,17.0,1,1.0,7.483254119384461,0.0,0.0,2.303349176123108,1.6966508238768925,0.0,0.0,1,0.0,0.0,0.0,1
22,0,14.844998762354592,0,0.9224993811772956,5.534996287063774,0.0,0.0,2.0775006188227043,2.0,0.0775006188227043,0.0775006188227043,1,1.0,1.408876268586544,6.317510519985973,1
17,0,15.7072386343134,1,0.0,0.0,0.0,0.0,1.0,1.2927613656866015,1.4144772686267972,0.0,1,0.7072386343133986,0.0353619317156699,1.4144772686267972,1
24,1,22.08476574251443,0,1.0,0.6477988412474449,0.0,0.0,1.1525390429142617,1.3050780858285227,1.6949219141714773,0.0,1,0.0,0.0,0.0,1
22,0,18.0,1,0.0,0.0,0.5762883601668132,1.7288650805004395,3.423711639833187,2.0,0.4237116398331868,0.4237116398331868,1,0.0,0.0,0.0,1
42,0,18.213430092765712,0,0.6067150463828559,7.887295602977127,0.3932849536171441,2.752994675320009,4.1798548608514325,3.0,0.0,0.0,1,1.0,4.977459120595425,20.652268979577173,1
44,0,19.0,0,0.0,0.0,0.575869328697614,6.334562615673754,3.727607986092842,3.272392013907158,0.0,0.0,1,0.0,0.0,0.0,1
18,0,15.263555764375278,1,0.7364442356247228,0.4271376566623392,0.0,0.0,2.472888471249446,1.736444235624723,0.5271115287505543,0.0,1,0.2635557643752771,0.0131777882187638,0.5271115287505543,1
28,0,19.656329852309852,0,1.0,0.4252506388184788,0.9343670147690148,2.8031010443070445,2.0,1.9343670147690148,1.8687340295380297,0.0,1,0.0,0.0,0.0,1
37,0,15.297725948372896,0,1.0,15.776705538720329,0.0,0.0,3.925568512906776,2.0744314870932237,0.0,0.0,1,0.0744314870932236,0.446588922559342,0.893177845118684,1
23,0,16.450839371404133,0,1.0,0.3106474640102645,0.0,0.0,1.450839371404132,3.549160628595868,0.0,0.0,1,0.0,0.0,0.0,1
23,0,17.886761954159244,1,0.0,0.0,0.0,0.0,3.660285862477734,2.113238045840755,1.1132380458407551,0.8867619541592447,1,0.0,0.0,0.0,1
33,0,16.015158801037664,0,0.9848411989623346,0.9848411989623346,0.0151588010376654,0.1061116072636583,4.030317602075331,3.0,0.9848411989623346,0.9848411989623346,1,1.0,1.4303176020753308,14.303176020753307,1
30,0,17.0,0,1.0,4.805509567770329,0.1611019135540659,0.9666114813243958,3.0,1.161101913554066,0.0,0.0,1,0.0,0.0,0.0,1
27,0,15.0,0,0.1246626812032668,0.041138684797078,0.0,0.0,3.750674637593466,4.750674637593466,0.0,0.0,1,0.0,0.0,0.0,1
21,0,17.0,0,0.0,0.0,0.0,0.0,0.0791581173826276,3.0,0.1583162347652553,0.0,0,0.0,0.0,0.0,1
24,0,17.0,1,0.8698963620621283,0.0695917089649702,0.0,0.0,1.8698963620621285,3.0,0.2602072758757434,0.0,1,0.0,0.0,0.0,1
25,0,16.55651417137822,0,0.0,0.0,0.0,0.0,4.0,3.4434858286217835,0.5188380571260721,0.5188380571260721,1,0.0,0.0,0.0,1
30,0,23.087245642550705,0,1.0,0.4526979651404056,0.5912754357449292,1.7738263072347875,2.0,1.5912754357449292,1.1825508714898585,0.0,1,0.0,0.0,0.0,1
36,0,18.60099729612987,0,0.3990027038701302,0.0997506759675325,0.0,0.0,1.6009972961298695,3.403989184519479,0.7980054077402605,0.0,1,0.0,0.0,0.0,1
21,0,17.0,0,1.0,3.0,0.0,0.0,2.0,1.0,0.0,0.0,0,0.0,0.0,0.0,1
21,0,17.0,0,0.6648027583540991,1.9944082750622971,0.0,0.0,1.3296055167081982,1.6703944832918018,0.0,0.0,0,0.0,0.0,0.0,1
25,0,16.605706897196022,1,1.0,0.1292866378504971,0.0,0.0,2.0,3.0,0.0,0.0,1,0.0,0.0,0.0,1
28,0,15.013896069013809,0,0.0,0.0,0.0,0.0,4.0,4.995367976995397,0.0,0.0,1,0.0,0.0,0.0,1
25,0,18.0,0,0.0,0.0,0.0,0.0,4.0,2.6669983433822884,0.6665008283088558,0.6665008283088558,1,0.0,0.0,0.0,1
23,1,16.203662612818114,1,1.0,0.4463151981036679,0.0,0.0,1.6018313064090566,3.0,0.0,0.0,1,0.0,0.0,0.0,1
22,0,16.537395602937924,0,0.4626043970620771,0.2313021985310385,0.0,0.0,1.0,3.4626043970620772,1.0747912058758458,0.0,1,0.0,0.0,0.0,1
22,0,17.08014438358724,1,0.0,0.0,0.0,0.0,1.2404331507617186,2.9198556164127605,1.9198556164127605,0.0801443835872395,1,0.0,0.0,0.0,1
26,0,16.039037983097884,0,0.0,0.0,0.0,0.0,4.0,3.960962016902117,0.3463459943659612,0.3463459943659612,1,0.0,0.0,0.0,1
47,0,18.653046798103773,0,0.3469532018962277,0.0867383004740569,0.6530467981037723,7.183514779141495,3.6121871924150897,1.6530467981037722,0.6939064037924554,0.0,1,0.0,0.0,0.0,1
22,0,15.0,0,1.0,2.3124937594512582,0.0,0.0,1.2624987518902515,2.7375012481097483,0.0,0.0,1,0.2624987518902516,0.3281234398628145,1.3124937594512582,1
35,0,17.547782059110194,0,1.0,1.9458172783367769,0.0,0.0,1.9044358817796143,1.0,1.0955641182203857,0.0,1,0.0,0.0,0.0,1
32,0,17.0,0,1.0,9.0,0.775395177060018,4.652371062360109,2.775395177060018,2.0,0.0,0.0,1,0.0,0.0,0.0,1
18,0,16.904879032265388,1,0.4524395161326934,0.4524395161326934,0.0,0.0,1.0,1.0,1.0951209677346132,0.0,1,0.5475604838673066,0.0273780241933653,1.0951209677346132,1
19,0,18.8591429796202,0,1.0,0.3556427652848499,0.0,0.0,1.0,1.0,0.8591429796202001,0.0,0,0.0,0.0,0.0,1
21,0,17.823613013493777,0,0.0,0.0,0.8236130134937767,2.47083904048133,2.47083904048133,2.1763869865062233,0.0,0.0,0,0.0,0.0,0.0,1
23,0,20.009793363563123,0,0.5016322272605203,0.3762241704453902,0.0,0.0,1.0,1.9967355454789597,2.0,0.0,1,0.0,0.0,0.0,1
22,0,15.837850899009096,1,0.5810745504954521,0.5810745504954521,0.0,0.0,1.0,3.0,0.8378508990090958,0.0,1,0.0,0.0,0.0,1
22,0,15.0851540989319,0,1.0,0.95742295053405,0.0,0.0,1.0,3.0851540989319,0.0,0.0,1,0.0,0.0,0.0,1
33,0,18.275212201766735,0,1.0,11.550424403533468,0.0,0.0,2.637606100883367,2.637606100883367,0.0,0.0,1,0.6376061008833669,3.8256366053002018,7.651273210600403,1
25,0,18.0,0,0.0,0.0,0.0,0.0,4.0,2.838823299443913,0.5805883502780435,0.5805883502780435,1,0.0,0.0,0.0,1
33,0,17.36773571208047,0,1.0,2.6209910796982387,0.0,0.0,2.2645285758390608,1.0,0.7354714241609392,0.0,1,0.0,0.0,0.0,1
24,0,17.013094456588334,1,0.9869055434116664,0.0789524434729333,0.0,0.0,2.026188913176667,2.9869055434116665,0.0130944565883336,0.0130944565883336,1,0.0,0.0,0.0,1
19,0,17.99061211605013,0,0.6635373720167106,0.1658843430041776,0.0,0.0,1.0,1.0,1.3364626279832894,0.0,0,0.3364626279832894,0.0168231313991644,0.6729252559665788,1
22,0,15.178035966869752,0,1.0,5.020802182216367,0.0,0.0,1.821964033130249,2.356071933739502,0.0,0.0,1,0.8219640331302486,1.0274550414128107,4.109820165651243,1
22,0,17.23357809518327,0,0.0389296825305448,0.0291972618979086,0.0,0.0,1.0,2.92214063493891,2.0,0.0,1,0.0,0.0,0.0,1
22,0,15.148662727753113,0,1.0,0.9256686361234436,0.0,0.0,1.0,3.1486627277531127,0.0,0.0,1,0.0,0.0,0.0,1
32,0,16.170751752545954,0,0.5853758762729763,0.5853758762729763,0.0,0.0,3.4146241237270236,3.2438723711810713,0.0,0.0,1,0.0,0.0,0.0,1
37,0,17.914650331921358,0,1.0,9.487901991528137,0.914650331921356,1.8293006638427125,3.914650331921356,2.8293006638427123,0.0,0.0,1,0.0,0.0,0.0,1
22,0,15.996874251845949,0,1.0,0.499468622813811,0.0,0.0,1.0031257481540528,3.9968742518459472,0.0,0.0,1,0.0,0.0,0.0,1
19,0,17.502195010331242,0,1.0,1.9956099793375148,0.0,0.0,1.4978049896687575,1.0,0.0,0.0,0,0.0,0.0,0.0,1
20,0,17.0,0,0.4046149826799562,0.101153745669989,0.0,0.0,0.8092299653599124,3.0,0.0,0.0,0,0.0,0.0,0.0,1
33,0,17.0,0,1.0,8.664617613057862,0.9329235226115724,5.597541135669435,3.0,1.9329235226115724,0.0,0.0,1,0.0,0.0,0.0,1
26,0,16.000158118403288,1,1.0,0.352503557664074,0.2500395296008222,0.7501185888024668,2.0,2.749960470399178,0.5000790592016444,0.0,1,0.0,0.0,0.0,1
37,0,17.790094406904416,0,1.0,1.0371459741084466,0.0,0.0,1.4198111861911715,1.0,1.5801888138088285,0.0,1,0.0,0.0,0.0,1
22,0,15.898054289440712,0,1.0,0.4826692292049213,0.0,0.0,1.1019457105592865,3.8980542894407137,0.0,0.0,1,0.0,0.0,0.0,1
21,0,17.0,0,0.7948603595179928,2.3845810785539783,0.0,0.0,1.5897207190359857,1.4102792809640143,0.0,0.0,0,0.0,0.0,0.0,1
22,1,15.381375441327332,1,1.0,0.8245672969894268,0.0,0.0,1.1906877206636666,3.0,0.0,0.0,1,0.0,0.0,0.0,1
22,0,16.926900664303812,1,0.0365496678480948,0.0365496678480948,0.0,0.0,1.0,3.0,1.9269006643038105,0.0,1,0.0,0.0,0.0,1
17,0,15.47206694511,1,0.0,0.0,0.0,0.0,1.0,1.5279330548900008,0.9441338902199984,0.0,1,0.4720669451099992,0.0236033472554999,0.9441338902199984,1
